SYMBOL,EXCHANGE
20MICRONS,NSE
21STCENMGM,NSE
360ONE,NSE
3BBLACKBIO,NSE
3MINDIA,NSE
3PLAND,NSE
5PAISA,NSE
63MOONS,NSE
A2ZINFRA,NSE
AAATECH,NSE
AADHARHFC,NSE
AAKASH,NSE
AAREYDRUGS,NSE
AARON,NSE
AARTIDRUGS,NSE
AARTIIND,NSE
AARTIPHARM,NSE
AARVI,NSE
AASTHA,NSE
AAVAS,NSE
ABANSENT,NSE
ABB,NSE
ABBOTINDIA,NSE
ABCAPITAL,NSE
ABCOTS,NSE
ABDL,NSE
ABFRL,NSE
ABLBL,NSE
ABMKNO,NSE
ABREL,NSE
ABSLAMC,NSE
ACC,NSE
ACCELYA,NSE
ACCURACY,NSE
ACE,NSE
ACEINTEG,NSE
ACEVECTOR,NSE
ACGL,NSE
ACI,NSE
ACL,NSE
ACMESOLAR,NSE
ACUTAAS,NSE
ADANIENSOL,NSE
ADANIENT,NSE
ADANIGREEN,NSE
ADANIPORTS,NSE
ADANIPOWER,NSE
ADDIND,NSE
ADFFOODS,NSE
ADL,NSE
ADOR,NSE
ADSL,NSE
ADVAIT,NSE
ADVANCE,NSE
ADVANIHOTR,NSE
ADVENTHTL,NSE
ADVENZYMES,NSE
ADVIKCA,NSE
AEGISLOG,NSE
AEGISVOPAK,NSE
AEPL,NSE
AEQUS,NSE
AEROENTER,NSE
AEROFLEX,NSE
AERONEU,NSE
AEROPLANE,NSE
AETHER,NSE
AFCONS,NSE
AFFLE,NSE
AFFORDABLE,NSE
AFIL,NSE
AFSL,NSE
AGARIND,NSE
AGARWALEYE,NSE
AGI,NSE
AGIIL,NSE
AGL,NSE
AGRITECH,NSE
AGROPHOS,NSE
AHCL,NSE
AHLADA,NSE
AHLEAST,NSE
AHLUCONT,NSE
AIAENG,NSE
AIIL,NSE
AIRAN,NSE
AIROLAM,NSE
AJANTPHARM,NSE
AJAXENGG,NSE
AJMERA,NSE
AJOONI,NSE
AKASH,NSE
AKCAPIT,NSE
AKG,NSE
AKSHAR,NSE
AKUMS,NSE
ALANKIT,NSE
ALBERTDAVD,NSE
ALEMBICLTD,NSE
ALFREDHE,NSE
ALGOQUANT,NSE
ALICON,NSE
ALIVUS,NSE
ALKEM,NSE
ALKYLAMINE,NSE
ALLCARGO,NSE
ALLDIGI,NSE
ALLTIME,NSE
ALOKINDS,NSE
ALPA,NSE
ALPINETEX,NSE
ALUFLUOR,NSE
AMAGI,NSE
AMAL,NSE
AMARJOTHI,NSE
AMBER,NSE
AMBICAAGAR,NSE
AMBIKCO,NSE
AMBUJACEM,NSE
AMJLAND,NSE
AMNPLST,NSE
AMRUTANJAN,NSE
ANANDRATHI,NSE
ANANTRAJ,NSE
ANDHRAPAP,NSE
ANDHRSUGAR,NSE
ANDREWYU,NSE
ANGELONE,NSE
ANIKINDS,NSE
ANNAPURNA,NSE
ANNU,NSE
ANSALBU,NSE
ANTELOPUS,NSE
ANTGRAPHIC,NSE
ANTHEM,NSE
ANUHPHR,NSE
ANUP,NSE
ANURAS,NSE
AONESTEELS,NSE
APARINDS,NSE
APCL,NSE
APCOTEXIND,NSE
APEX,NSE
APLAPOLLO,NSE
APLLTD,NSE
APOLLO,NSE
APOLLOHOSP,NSE
APOLLOPIPE,NSE
APOLLOTYRE,NSE
APOLSINHOT,NSE
APTECHT,NSE
APTUS,NSE
AQYLON,NSE
ARCHIDPLY,NSE
ARCHIES,NSE
ARCIL,NSE
ARCL,NSE
ARDEE,NSE
ARE&M,NSE
ARENTERP,NSE
ARFIN,NSE
ARIHANT,NSE
ARIHANTCAP,NSE
ARIHANTSUP,NSE
ARIS,NSE
ARKADE,NSE
ARMANFIN,NSE
ARMEE,NSE
AROGRANITE,NSE
ARROWGREEN,NSE
ARSSBL,NSE
ARTEMISMED,NSE
ARTNIRMAN,NSE
ARVEE,NSE
ARVIND,NSE
ARVINDFASN,NSE
ARVSMART,NSE
ARYAMAN,NSE
ASAHIINDIA,NSE
ASAL,NSE
ASALCBR,NSE
ASHAPURMIN,NSE
ASHIANA,NSE
ASHIMASYN,NSE
ASHOKA,NSE
ASHOKAMET,NSE
ASHOKLEY,NSE
ASIANENE,NSE
ASIANHOTNR,NSE
ASIANPAINT,NSE
ASIANTILES,NSE
ASIANTNE,NSE
ASKAUTOLTD,NSE
ASMS,NSE
ASPINWALL,NSE
ASSAMENT,NSE
ASTAR,NSE
ASTEC,NSE
ASTERDM,NSE
ASTRAL,NSE
ASTRAMICRO,NSE
ASTRAZEN,NSE
ATALREAL,NSE
ATAM,NSE
ATGL,NSE
ATHERENERG,NSE
ATL,NSE
ATLANTAA,NSE
ATLANTAELE,NSE
ATLASCYCLE,NSE
ATUL,NSE
ATULAUTO,NSE
AUBANK,NSE
AUGMONT,NSE
AURIONPRO,NSE
AUROPHARMA,NSE
AURUM,NSE
AURUS,NSE
AUSOMENT,NSE
AUSTENG,NSE
AUTOAXLES,NSE
AUTOIND,NSE
AVADHSUGAR,NSE
AVALON,NSE
AVANCE,NSE
AVANTEL,NSE
AVANTIFEED,NSE
AVG,NSE
AVL,NSE
AVONMORE,NSE
AVROIND,NSE
AVTNPL,NSE
AWFIS,NSE
AWHCL,NSE
AWL,NSE
AXISBANK,NSE
AXISCADES,NSE
AXITA,NSE
AXTEL,NSE
AYE,NSE
AYMSYNTEX,NSE
AZAD,NSE
AZADIND,NSE
BAGFILMS,NSE
BAIDFIN,NSE
BAJAJ-AUTO,NSE
BAJAJCON,NSE
BAJAJELEC,NSE
BAJAJFINSV,NSE
BAJAJHCARE,NSE
BAJAJHFL,NSE
BAJAJHIND,NSE
BAJAJHLDNG,NSE
BAJAJINDEF,NSE
BAJAJST,NSE
BAJEL,NSE
BAJFINANCE,NSE
BALAJEE,NSE
BALAJITELE,NSE
BALAMINES,NSE
BALAXI,NSE
BALKRISHNA,NSE
BALKRISIND,NSE
BALMLAWRIE,NSE
BALRAMCHIN,NSE
BALUFORGE,NSE
BANARBEADS,NSE
BANARISUG,NSE
BANCOINDIA,NSE
BANDHANBNK,NSE
BANG,NSE
BANKA,NSE
BANKBARODA,NSE
BANKINDIA,NSE
BANSALWIRE,NSE
BANSWRAS,NSE
BASF,NSE
BASML,NSE
BATAINDIA,NSE
BATLIBOI,NSE
BAYERCROP,NSE
BBL,NSE
BBOX,NSE
BBTC,NSE
BBTCL,NSE
BCG,NSE
BCLIND,NSE
BCONCEPTS,NSE
BCPL,NSE
BDL,NSE
BEARDSELL,NSE
BECTORFOOD,NSE
BEDMUTHA,NSE
BEEKAY,NSE
BEL,NSE
BELLACASA,NSE
BELRISE,NSE
BEML,NSE
BENARAS,NSE
BENGALASM,NSE
BEPL,NSE
BERGEPAINT,NSE
BESTAGRO,NSE
BETA,NSE
BFINVEST,NSE
BFUTILITIE,NSE
BHAGCHEM,NSE
BHAGERIA,NSE
BHAGYANGR,NSE
BHANDARI,NSE
BHARATCOAL,NSE
BHARATFORG,NSE
BHARATRAS,NSE
BHARATSE,NSE
BHARATWIRE,NSE
BHARTIARTL,NSE
BHARTIHEXA,NSE
BHEL,NSE
BIGBLOC,NSE
BIKAJI,NSE
BIL,NSE
BIMETAL,NSE
BIOCON,NSE
BIOFILCHEM,NSE
BIRLACABLE,NSE
BIRLACORPN,NSE
BIRLAMONEY,NSE
BIRLANU,NSE
BLACKBUCK,NSE
BLACKROSE,NSE
BLAL,NSE
BLBLIMITED,NSE
BLEL,NSE
BLIL,NSE
BLKASHYAP,NSE
BLS,NSE
BLSE,NSE
BLUECLOUDS,NSE
BLUECOAST,NSE
BLUEDART,NSE
BLUEJET,NSE
BLUESTARCO,NSE
BLUESTONE,NSE
BLUSPRING,NSE
BMWVENTLTD,NSE
BNAGROCHEM,NSE
BOHRAIND,NSE
BOMDYEING,NSE
BONLON,NSE
BORANA,NSE
BOROLTD,NSE
BORORENEW,NSE
BOROSCI,NSE
BOSCH-HCIL,NSE
BOSCHLTD,NSE
BPCL,NSE
BPL,NSE
BPLPHARMA,NSE
BRAHMINFRA,NSE
BRIGADE,NSE
BRIGHOTEL,NSE
BRIGHTBR,NSE
BRITANNIA,NSE
BRNL,NSE
BROOKS,NSE
BSE,NSE
BSHSL,NSE
BSL,NSE
BSOFT,NSE
BTML,NSE
BUILDPRO,NSE
BUTTERFLY,NSE
BVCL,NSE
BYKE,NSE
CAMLINFINE,NSE
CAMPUS,NSE
CAMS,NSE
CANBK,NSE
CANFINHOME,NSE
CANHLIFE,NSE
CANTABIL,NSE
CAPACITE,NSE
CAPILLARY,NSE
CAPITALSFB,NSE
CAPLIPOINT,NSE
CARBORUNIV,NSE
CARERATING,NSE
CARRARO,NSE
CARTRADE,NSE
CARYSIL,NSE
CASTROLIND,NSE
CCAVENUE,NSE
CCCL,NSE
CCHHL,NSE
CCL,NSE
CDSL,NSE
CEATLTD,NSE
CEIGALL,NSE
CEINSYS,NSE
CELEBRITY,NSE
CELLO,NSE
CEMPRO,NSE
CENTENKA,NSE
CENTEXT,NSE
CENTRALBK,NSE
CENTRUM,NSE
CENTUM,NSE
CENTURYPLY,NSE
CERA,NSE
CESC,NSE
CEWATER,NSE
CGCL,NSE
CGPOWER,NSE
CGVAK,NSE
CHALET,NSE
CHAMBLFERT,NSE
CHEMBOND,NSE
CHEMCON,NSE
CHEMCRUX,NSE
CHEMFAB,NSE
CHEMPLASTS,NSE
CHENNPETRO,NSE
CHEVIOT,NSE
CHOICEIN,NSE
CHOLAFIN,NSE
CHOLAHLDNG,NSE
CIEINDIA,NSE
CIFL,NSE
CINELINE,NSE
CINEVISTA,NSE
CIPLA,NSE
CLEAN,NSE
CLEANMAX,NSE
CLEDUCATE,NSE
CLSEL,NSE
CMLL,NSE
CMPDI,NSE
CMRGREEN,NSE
CMSINFO,NSE
CNL,NSE
COALINDIA,NSE
COASTCORP,NSE
COCHINSHIP,NSE
COCKERILL,NSE
COFFEEDAY,NSE
COFORGE,NSE
COHANCE,NSE
COLPAL,NSE
COMFINTE,NSE
COMPEAU,NSE
COMPUSOFT,NSE
COMSYN,NSE
CONCOR,NSE
CONCORDBIO,NSE
CONFIPET,NSE
CONTROLPR,NSE
CORALFINAC,NSE
CORDELIA,NSE
COROMANDEL,NSE
CORONA,NSE
COSMOFIRST,NSE
CPCAP,NSE
CPEDU,NSE
CPL,NSE
CPPLUS,NSE
CRAFTSMAN,NSE
CRAMC,NSE
CRAVATEX,NSE
CREATIVEYE,NSE
CREDITACC,NSE
CREST,NSE
CRISIL,NSE
CRIZAC,NSE
CROMPTON,NSE
CROWN,NSE
CSBBANK,NSE
CSLFINANCE,NSE
CSM,NSE
CUB,NSE
CUMMINSIND,NSE
CUPID,NSE
CYBERTECH,NSE
CYIENT,NSE
CYIENTDLM,NSE
DABUR,NSE
DALBHARAT,NSE
DALMIASUG,NSE
DAMCAPITAL,NSE
DANGEE,NSE
DATAMATICS,NSE
DATAPATTNS,NSE
DAVANGERE,NSE
DBCORP,NSE
DBEIL,NSE
DBL,NSE
DBOL,NSE
DBREALTY,NSE
DCAL,NSE
DCBBANK,NSE
DCI,NSE
DCM,NSE
DCMFINSERV,NSE
DCMSHRIRAM,NSE
DCMSIL,NSE
DCMSRIND,NSE
DCW,NSE
DCXINDIA,NSE
DDEVPLSTIK,NSE
DECCANCE,NSE
DECNGOLD,NSE
DEEDEV,NSE
DEEPA,NSE
DEEPAKFERT,NSE
DEEPAKNTR,NSE
DEEPINDS,NSE
DELHIVERY,NSE
DELTACORP,NSE
DELTAMAGNT,NSE
DEN,NSE
DENORA,NSE
DENTA,NSE
DEVIT,NSE
DEVX,NSE
DEVYANI,NSE
DGCONTENT,NSE
DHAMPURSUG,NSE
DHANBANK,NSE
DHANUKA,NSE
DHARMAJ,NSE
DHATRE,NSE
DHOOTTRANS,NSE
DHRUV,NSE
DHUNINV,NSE
DIAMINESQ,NSE
DIAMONDYD,NSE
DICIND,NSE
DIFFNKG,NSE
DIGIDRIVE,NSE
DIGISPICE,NSE
DIGITIDE,NSE
DISAQ,NSE
DISHTV,NSE
DIVGIITTS,NSE
DIVISLAB,NSE
DIXON,NSE
DJML,NSE
DLF,NSE
DLINKINDIA,NSE
DMART,NSE
DMCC,NSE
DNAMEDIA,NSE
DODLA,NSE
DOLATALGO,NSE
DOLLAR,NSE
DOLLEX,NSE
DOLPHIN,NSE
DOMS,NSE
DONEAR,NSE
DPABHUSHAN,NSE
DPWIRES,NSE
DRAGARWQ,NSE
DRCSYSTEMS,NSE
DREAMFOLKS,NSE
DREDGECORP,NSE
DRREDDY,NSE
DSSL,NSE
DUCON,NSE
DVL,NSE
DWARKESH,NSE
DYCL,NSE
DYNAMATECH,NSE
DYNPRO,NSE
EASEMYTRIP,NSE
EASTWEST,NSE
EBGNG,NSE
ECLERX,NSE
ECORECO,NSE
ECOSMOBLTY,NSE
EDELWEISS,NSE
EFCIL,NSE
EICHERMOT,NSE
EIDPARRY,NSE
EIEL,NSE
EIHAHOTELS,NSE
EIHOTEL,NSE
EIMCOELECO,NSE
EKC,NSE
ELANTAS,NSE
ELCIDIN,NSE
ELDEHSG,NSE
ELECON,NSE
ELECTCAST,NSE
ELECTHERM,NSE
ELEVATE,NSE
ELGIEQUIP,NSE
ELGIRUBCO,NSE
ELIN,NSE
ELITECON,NSE
ELLEN,NSE
ELPROINTL,NSE
EMAMILTD,NSE
EMAMIREAL,NSE
EMBDL,NSE
EMCURE,NSE
EMIL,NSE
EMKAY,NSE
EMMBI,NSE
EMMVEE,NSE
EMPIND,NSE
EMPOWER,NSE
EMSLIMITED,NSE
EMUDHRA,NSE
ENDURANCE,NSE
ENERGYDEV,NSE
ENGINERSIN,NSE
ENIL,NSE
ENKEIWHEL,NSE
ENRIN,NSE
ENTERO,NSE
EPACK,NSE
EPACKPEB,NSE
EPIGRAL,NSE
EPL,NSE
EQUITASBNK,NSE
ERIS,NSE
ESABINDIA,NSE
ESCORTS,NSE
ESDS,NSE
ESSARSHPNG,NSE
ESSENTIA,NSE
ESTER,NSE
ETERNAL,NSE
ETHOSLTD,NSE
EUREKAFORB,NSE
EUROBOND,NSE
EUROPRATIK,NSE
EUROTEXIND,NSE
EVEREADY,NSE
EVERESTIND,NSE
EXCELINDUS,NSE
EXCELSOFT,NSE
EXICOM,NSE
EXIDEIND,NSE
EXPLEOSOL,NSE
EXXARO,NSE
FABTECH,NSE
FACT,NSE
FAIRCHEMOR,NSE
FAZE3Q,NSE
FCL,NSE
FCSSOFT,NSE
FDC,NSE
FEDDERSHOL,NSE
FEDERALBNK,NSE
FEDFINA,NSE
FERMENTA,NSE
FIBERWEB,NSE
FIEMIND,NSE
FILATEX,NSE
FILATFASH,NSE
FINCABLES,NSE
FINEORG,NSE
FINKURVE,NSE
FINOPB,NSE
FINPIPE,NSE
FIRSTCRY,NSE
FISCHER,NSE
FIVESTAR,NSE
FLAIR,NSE
FLUOROCHEM,NSE
FMGOETZE,NSE
FMNL,NSE
FOCUS,NSE
FOODSIN,NSE
FORCEMOT,NSE
FORTIS,NSE
FOSECOIND,NSE
FRACTAL,NSE
FREDUN,NSE
FRONTSP,NSE
FSL,NSE
FUSION,NSE
GABRIEL,NSE
GAEL,NSE
GAIL,NSE
GAJA,NSE
GALAPREC,NSE
GALAXYSURF,NSE
GALLANTT,NSE
GANDHAR,NSE
GANDHITUBE,NSE
GANECOS,NSE
GANESHCP,NSE
GANESHHOU,NSE
GANGAFORGE,NSE
GANGESSECU,NSE
GARFIBRES,NSE
GARUDA,NSE
GATEWAY,NSE
GAUDIUMIVF,NSE
GAYAHWS,NSE
GAYAPROJ,NSE
GCSL,NSE
GEECEE,NSE
GEEKAYWIRE,NSE
GEMAROMA,NSE
GENCON,NSE
GENESYS,NSE
GENUSPAPER,NSE
GENUSPOWER,NSE
GEOJITFSL,NSE
GERMAN,NSE
GESHIP,NSE
GFLLIMITED,NSE
GHCL,NSE
GHCLTEXTIL,NSE
GICHSGFIN,NSE
GICRE,NSE
GILLANDERS,NSE
GILLETTE,NSE
GIPCL,NSE
GKB,NSE
GKENERGY,NSE
GKSL,NSE
GKWLIMITED,NSE
GLAND,NSE
GLASSWALL,NSE
GLAXO,NSE
GLENMARK,NSE
GLFL,NSE
GLOBAL,NSE
GLOBALE,NSE
GLOBALVECT,NSE
GLOBE,NSE
GLOBECIVIL,NSE
GLOBUSSPR,NSE
GLOSTERLTD,NSE
GLOTTIS,NSE
GMBREW,NSE
GMDCLTD,NSE
GMMPFAUDLR,NSE
GMRAIRPORT,NSE
GMRP&UI,NSE
GNA,NSE
GNFC,NSE
GNRL,NSE
GOACARBON,NSE
GOCLCORP,NSE
GOCOLORS,NSE
GODAVARIB,NSE
GODFRYPHLP,NSE
GODIGIT,NSE
GODREJAGRO,NSE
GODREJCP,NSE
GODREJIND,NSE
GODREJPROP,NSE
GOKEX,NSE
GOKUL,NSE
GOKULAGRO,NSE
GOLDIAM,NSE
GOODLUCK,NSE
GOODYEAR,NSE
GOPAL,NSE
GOYALALUM,NSE
GPIL,NSE
GPPL,NSE
GPTHEALTH,NSE
GPTINFRA,NSE
GRANDOAK,NSE
GRANULES,NSE
GRAPHITE,NSE
GRASIM,NSE
GRAUWEIL,NSE
GRAVITA,NSE
GREAVESCOT,NSE
GREENLAM,NSE
GREENPANEL,NSE
GREENPLY,NSE
GREENPOWER,NSE
GRINDWELL,NSE
GRINFRA,NSE
GRMOVER,NSE
GROBTEA,NSE
GROWW,NSE
GRPLTD,NSE
GRSE,NSE
GRWRHITECH,NSE
GSFC,NSE
GSLSU,NSE
GSPCROP,NSE
GSS,NSE
GTECJAINX,NSE
GTL,NSE
GTLINFRA,NSE
GTPL,NSE
GUFICBIO,NSE
GUJALKALI,NSE
GUJAPOLLO,NSE
GUJENERGY,NSE
GUJRAFFIA,NSE
GUJTHEM,NSE
GULFOILLUB,NSE
GULPOLY,NSE
GVPIL,NSE
GVT&D,NSE
GYFTR,NSE
HAL,NSE
HALDER,NSE
HALDYNGL,NSE
HALEOSLABS,NSE
HAMPTON,NSE
HAPPSTMNDS,NSE
HAPPYFORGE,NSE
HARDWYN,NSE
HARIOMPIPE,NSE
HARRMALAYA,NSE
HARSHA,NSE
HATHWAY,NSE
HATSUN,NSE
HAVELLS,NSE
HAVISHA,NSE
HAWKINCOOK,NSE
HAZOOR,NSE
HBESD,NSE
HBLENGINE,NSE
HBPOR,NSE
HBSL,NSE
HCC,NSE
HCG,NSE
HCL-INSYS,NSE
HCLTECH,NSE
HDBFS,NSE
HDFCAMC,NSE
HDFCBANK,NSE
HDFCLIFE,NSE
HEADSUP,NSE
HEALTHX,NSE
HECPROJECT,NSE
HEGAM,NSE
HEIDELBERG,NSE
HEMIPROP,NSE
HERANBA,NSE
HERITGFOOD,NSE
HEROMOTOCO,NSE
HEROMOTORS,NSE
HESTERBIO,NSE
HEXATRADEX,NSE
HEXT,NSE
HGINFRA,NSE
HGM,NSE
HGS,NSE
HIKAL,NSE
HILINFRA,NSE
HILTON,NSE
HIMATSEIDE,NSE
HINDADH,NSE
HINDALCO,NSE
HINDALUMI,NSE
HINDCOMPOS,NSE
HINDCOPPER,NSE
HINDOILEXP,NSE
HINDPETRO,NSE
HINDUNILVR,NSE
HINDWAREAP,NSE
HINDZINC,NSE
HIRECT,NSE
HISARMETAL,NSE
HITECH,NSE
HLEGLAS,NSE
HLVLTD,NSE
HMAAGRO,NSE
HNDFDS,NSE
HOMEFIRST,NSE
HONASA,NSE
HONAUT,NSE
HONDAPOWER,NSE
HORIZONIND,NSE
HPAL,NSE
HPIL,NSE
HPL,NSE
HRYNSHP,NSE
HSCL,NSE
HTEL,NSE
HTMEDIA,NSE
HUBTOWN,NSE
HUDCO,NSE
HUHTAMAKI,NSE
HYBRIDFIN,NSE
HYUNDAI,NSE
IBULLSLTD,NSE
ICEMAKE,NSE
ICICIAMC,NSE
ICICIBANK,NSE
ICICIGI,NSE
ICICIPRULI,NSE
ICIL,NSE
ICRA,NSE
IDBI,NSE
IDEA,NSE
IDEAFORGE,NSE
IDFCFIRSTB,NSE
IEX,NSE
IFBAGRO,NSE
IFBIND,NSE
IFCI,NSE
IFGLEXPOR,NSE
IGARASHI,NSE
IGCL,NSE
IGIL,NSE
IGL,NSE
IGPL,NSE
IIFL,NSE
IIFLCAPS,NSE
IITL,NSE
IKIO,NSE
IKS,NSE
IMAGICAA,NSE
IMFA,NSE
IMPAL,NSE
INA,NSE
INCREDIBLE,NSE
INDBANK,NSE
INDGN,NSE
INDHOTEL,NSE
INDIACEM,NSE
INDIAGLYCO,NSE
INDIAMART,NSE
INDIANB,NSE
INDIANCARD,NSE
INDIANHUME,NSE
INDIASHLTR,NSE
INDIGO,NSE
INDIGOPNTS,NSE
INDIQUBE,NSE
INDNIPPON,NSE
INDOAMIN,NSE
INDOBORAX,NSE
INDOCO,NSE
INDOFARM,NSE
INDOKEM,NSE
INDOMIM,NSE
INDORAMA,NSE
INDOSTAR,NSE
INDOTECH,NSE
INDOTHAI,NSE
INDOUS,NSE
INDOWIND,NSE
INDPRUD,NSE
INDRAMEDCO,NSE
INDSWFTLAB,NSE
INDTERRAIN,NSE
INDUSINDBK,NSE
INDUSTOWER,NSE
INFOBEAN,NSE
INFOMEDIA,NSE
INFY,NSE
INGERRAND,NSE
INNOVACAP,NSE
INNOVANA,NSE
INNOVISION,NSE
INOXGREEN,NSE
INOXINDIA,NSE
INOXWIND,NSE
INSECTICID,NSE
INSPIRISYS,NSE
INTELLECT,NSE
INTENTECH,NSE
INTERARCH,NSE
INTLCONV,NSE
INVENTURE,NSE
IOB,NSE
IOC,NSE
IOLCP,NSE
IONEXCHANG,NSE
IPCALAB,NSE
IPL,NSE
IPRINGLTD,NSE
IRB,NSE
IRCON,NSE
IRCTC,NSE
IREDA,NSE
IRFC,NSE
IRIS,NSE
IRISDOREME,NSE
IRMENERGY,NSE
ISGEC,NSE
ISHANCH,NSE
ISTLTD,NSE
ITC,NSE
ITCHOTELS,NSE
ITDC,NSE
ITI,NSE
ITL,NSE
IVALUE,NSE
IVC,NSE
IWP,NSE
IXIGO,NSE
IZMO,NSE
J&KBANK,NSE
JAGRAN,NSE
JAGSNPHARM,NSE
JAIBALAJI,NSE
JAICORPLTD,NSE
JAINREC,NSE
JAIPURKURT,NSE
JAMNAAUTO,NSE
JARO,NSE
JASH,NSE
JAYAGROGN,NSE
JAYBARMARU,NSE
JAYKAY,NSE
JAYNECOIND,NSE
JAYSREETEA,NSE
JBMA,NSE
JENBURPH,NSE
JETFREIGHT,NSE
JGCHEM,NSE
JINDALPHOT,NSE
JINDALPOLY,NSE
JINDALSAW,NSE
JINDALSTEL,NSE
JINDRILL,NSE
JINDWORLD,NSE
JIOFIN,NSE
JISLDVREQS,NSE
JISLJALEQS,NSE
JITFINFRA,NSE
JKCEMENT,NSE
JKIL,NSE
JKIPL,NSE
JKLAKSHMI,NSE
JKPAPER,NSE
JKTYRE,NSE
JLHL,NSE
JMA,NSE
JMFINANCIL,NSE
JNKINDIA,NSE
JNPR,NSE
JOCIL,NSE
JPOLYINVST,NSE
JPPOWER,NSE
JSFB,NSE
JSL,NSE
JSLL,NSE
JSWCEMENT,NSE
JSWDULUX,NSE
JSWENERGY,NSE
JSWHL,NSE
JSWINFRA,NSE
JSWSTEEL,NSE
JTEKTINDIA,NSE
JTLIND,NSE
JUBLCPL,NSE
JUBLFOOD,NSE
JUBLINGREA,NSE
JUBLPHARMA,NSE
JUNIPER,NSE
JUSTDIAL,NSE
JWL,NSE
JYOTHYLAB,NSE
JYOTICNC,NSE
JYOTIRES,NSE
JYOTISTRUC,NSE
KAJARIACER,NSE
KAKATCEM,NSE
KALAMANDIR,NSE
KALPATARU,NSE
KALYANKJIL,NSE
KAMAHOLD,NSE
KAMANWALA,NSE
KAMATHOTEL,NSE
KAMDHENU,NSE
KAMOPAINTS,NSE
KANANIIND,NSE
KANCHI,NSE
KANCOTEA,NSE
KANOHAR,NSE
KANPRPLA,NSE
KANSAINER,NSE
KAPSTON,NSE
KARAMTARA,NSE
KARMAENG,NSE
KARURVYSYA,NSE
KAYNES,NSE
KCP,NSE
KDDL,NSE
KDGREEN,NSE
KEC,NSE
KECL,NSE
KEEPLEARN,NSE
KEI,NSE
KELLTONTEC,NSE
KENNAMET,NSE
KERNEX,NSE
KESORAMIND,NSE
KEYFINSERV,NSE
KFINTECH,NSE
KHAICHEM,NSE
KHAITANLTD,NSE
KHANDSE,NSE
KICL,NSE
KILITCH,NSE
KIMS,NSE
KINGFA,NSE
KIOCL,NSE
KIRANVYPAR,NSE
KIRIINDUS,NSE
KIRLFER,NSE
KIRLOSBROS,NSE
KIRLOSENG,NSE
KIRLOSIND,NSE
KIRLPNU,NSE
KISSHT,NSE
KITEX,NSE
KJMCFIN,NSE
KKCL,NSE
KLBRENG-B,NSE
KMCSHIL,NSE
KMEW,NSE
KNACK,NSE
KNAGRI,NSE
KNRCON,NSE
KOHINOOR,NSE
KOKUYOCMLN,NSE
KOLTEPATIL,NSE
KOPRAN,NSE
KOTAKBANK,NSE
KOTHARIPET,NSE
KOTHARIPRO,NSE
KOTIC,NSE
KOTYARK,NSE
KOVAI,NSE
KPEL,NSE
KPIGREEN,NSE
KPIL,NSE
KPITTECH,NSE
KPL,NSE
KPRMILL,NSE
KRBL,NSE
KREBSBIO,NSE
KRIDHANINF,NSE
KRISHANA,NSE
KRISHIVAL,NSE
KRISHNADEF,NSE
KRITI,NSE
KRITIKA,NSE
KRITINUT,NSE
KRN,NSE
KROSS,NSE
KRSNAA,NSE
KRYSTAL,NSE
KSB,NSE
KSCL,NSE
KSE,NSE
KSHINTL,NSE
KSL,NSE
KSOLVES,NSE
KTKBANK,NSE
KUANTUM,NSE
KUSUMGAR,NSE
KWIL,NSE
LAGNAM,NSE
LAHOTIOV,NSE
LAKSHMIMIL,NSE
LAL,NSE
LALITHAA,NSE
LALPATHLAB,NSE
LAMBODHARA,NSE
LANCER,NSE
LANDMARK,NSE
LAOPALA,NSE
LASERPOWER,NSE
LATENTVIEW,NSE
LATTEYS,NSE
LAURUSLABS,NSE
LAXMICOT,NSE
LAXMIDENTL,NSE
LAXMIINDIA,NSE
LCCPROJECT,NSE
LCL,NSE
LEAPIND,NSE
LEMERITE,NSE
LEMONTREE,NSE
LENSKART,NSE
LEXUS,NSE
LFIC,NSE
LGBBROSLTD,NSE
LGEINDIA,NSE
LGHL,NSE
LIBAS,NSE
LIBERTSHOE,NSE
LICHSGFIN,NSE
LICI,NSE
LIKHITHA,NSE
LINC,NSE
LINCOLN,NSE
LINDEINDIA,NSE
LKPSEC,NSE
LLOYDSENGG,NSE
LLOYDSENT,NSE
LLOYDSME,NSE
LMW,NSE
LODHA,NSE
LOKESHMACH,NSE
LORDSCHLO,NSE
LOTUSCHO,NSE
LOTUSEYE,NSE
LOVABLE,NSE
LOYALTEX,NSE
LPDC,NSE
LT,NSE
LTF,NSE
LTFOODS,NSE
LTM,NSE
LTTS,NSE
LUMAXIND,NSE
LUMAXTECH,NSE
LUMINO,NSE
LUPIN,NSE
LUXIND,NSE
LXCHEM,NSE
M&M,NSE
M&MFIN,NSE
MAANALU,NSE
MACPOWER,NSE
MADHAV,NSE
MADHAVIPL,NSE
MADHUCON,NSE
MADRASFERT,NSE
MAFATIND,NSE
MAGADSUGAR,NSE
MAGNUM,NSE
MAHABANK,NSE
MAHAPEXLTD,NSE
MAHEPC,NSE
MAHESHWARI,NSE
MAHLIFE,NSE
MAHLOG,NSE
MAHSCOOTER,NSE
MAHSEAMLES,NSE
MAITHANALL,NSE
MAKERSL,NSE
MALLCOM,NSE
MALUPAPER,NSE
MAMATA,NSE
MANAKALUCO,NSE
MANAKCOAT,NSE
MANAKSIA,NSE
MANALIPETC,NSE
MANAPPURAM,NSE
MANBA,NSE
MANCREDIT,NSE
MANGALAM,NSE
MANGLMCEM,NSE
MANIKA,NSE
MANINDS,NSE
MANINFRA,NSE
MANIPALHOS,NSE
MANKIND,NSE
MANOMAY,NSE
MANORAMA,NSE
MANORG,NSE
MANYAVAR,NSE
MAPMYINDIA,NSE
MARALOVER,NSE
MARATHON,NSE
MARICO,NSE
MARINE,NSE
MARKOLINES,NSE
MARKSANS,NSE
MARSONS,NSE
MARUTI,NSE
MASFIN,NSE
MASKINVEST,NSE
MASTEK,NSE
MASTERTR,NSE
MATRIMONY,NSE
MAWANASUG,NSE
MAXESTATES,NSE
MAXHEALTH,NSE
MAXIND,NSE
MAYURUNIQ,NSE
MAZDOCK,NSE
MBAPL,NSE
MBEL,NSE
MBLINFRA,NSE
MCCHRLS-B,NSE
MCL,NSE
MCLEODRUSS,NSE
MCLOUD,NSE
MCX,NSE
MEDANTA,NSE
MEDIASSIST,NSE
MEDICO,NSE
MEDPLUS,NSE
MEESHO,NSE
MEGASTAR,NSE
MEIL,NSE
MENONBE,NSE
MERCANTILE,NSE
MERCURYEV,NSE
METROBRAND,NSE
METROGLOBL,NSE
METROPOLIS,NSE
MFML,NSE
MFSL,NSE
MGEL,NSE
MGL,NSE
MHRIL,NSE
MIDHANI,NSE
MIDWESTLTD,NSE
MIIL,NSE
MINDACORP,NSE
MINDTECK,NSE
MIRZAINT,NSE
MITCON,NSE
MITTAL,NSE
MKEXIM,NSE
MKPL,NSE
MLKFOOD,NSE
MMFL,NSE
MMP,NSE
MMTC,NSE
MMWL,NSE
MOBIKWIK,NSE
MODINATUR,NSE
MODIRUBBER,NSE
MODIS,NSE
MODTHREAD,NSE
MOHITE,NSE
MOHITIND,NSE
MOIL,NSE
MOKSH,NSE
MOL,NSE
MOLBIO,NSE
MOLDTKPAC,NSE
MOMSBELIEF,NSE
MONARCH,NSE
MONEYVIEW,NSE
MONTECARLO,NSE
MOREPENLAB,NSE
MOSCHIP,NSE
MOTHERSON,NSE
MOTILALOFS,NSE
MOTISONS,NSE
MOTOGENFIN,NSE
MPHASIS,NSE
MPIMANIPAL,NSE
MPSLTD,NSE
MRF,NSE
MRPL,NSE
MSL,NSE
MSPL,NSE
MSTCLTD,NSE
MSUMI,NSE
MTNL,NSE
MUFIN,NSE
MUFTI,NSE
MUKANDLTD,NSE
MUKESHB,NSE
MUKTAARTS,NSE
MUNJALAU,NSE
MUNJALSHOW,NSE
MURUDCERA,NSE
MUTHOOTCAP,NSE
MUTHOOTFIN,NSE
MUTHOOTMF,NSE
MVELECTRO,NSE
MVGJL,NSE
MWL,NSE
NACLIND,NSE
NAGREEKCAP,NSE
NAGREEKEXP,NSE
NAHARCAP,NSE
NAHARINDUS,NSE
NAHARPOLY,NSE
NAHARSPING,NSE
NAM-INDIA,NSE
NARMADA,NSE
NATCOPHARM,NSE
NATHBIOGEN,NSE
NATIONALUM,NSE
NATIONSTD,NSE
NAUKRI,NSE
NAVA,NSE
NAVINFLUOR,NSE
NAVKARCORP,NSE
NAVKARURB,NSE
NAVNETEDUL,NSE
NAZARA,NSE
NBCC,NSE
NBIFIN,NSE
NCC,NSE
NCLIND,NSE
NDGL,NSE
NDL,NSE
NDLVENTURE,NSE
NDRAUTO,NSE
NDTV,NSE
NEAGI,NSE
NECCLTD,NSE
NECLIFE,NSE
NELCAST,NSE
NELCO,NSE
NEOGEN,NSE
NEPHROPLUS,NSE
NESCO,NSE
NESTLEIND,NSE
NETWEB,NSE
NETWORK18,NSE
NEULANDLAB,NSE
NEWGEN,NSE
NEXTMEDIA,NSE
NFL,NSE
NGIL,NSE
NGLFINE,NSE
NH,NSE
NHPC,NSE
NIACL,NSE
NIBE,NSE
NIBL,NSE
NICCOPAR,NSE
NIITLTD,NSE
NIITMTS,NSE
NILAINFRA,NSE
NILASPACES,NSE
NILE,NSE
NILKAMAL,NSE
NIMBSPROJ,NSE
NINSYS,NSE
NIPPOBATRY,NSE
NIRAJ,NSE
NIRLON,NSE
NITCO,NSE
NITINSPIN,NSE
NITIRAJ,NSE
NITTAGELA,NSE
NIVABUPA,NSE
NKIND,NSE
NLCINDIA,NSE
NMDC,NSE
NOCIL,NSE
NOIDATOLL,NSE
NORBTEAEXP,NSE
NORTHARC,NSE
NOVAAGRI,NSE
NOVARTIND,NSE
NPST,NSE
NRAIL,NSE
NRBBEARING,NSE
NSIL,NSE
NSLNISP,NSE
NTCIND,NSE
NTPC,NSE
NTPCGREEN,NSE
NUCLEUS,NSE
NUVAMA,NSE
NUVOCO,NSE
NYKAA,NSE
OAL,NSE
OBCL,NSE
OBEROIRLTY,NSE
ODIGMA,NSE
ODYCORP,NSE
OFSS,NSE
OIL,NSE
OLAELEC,NSE
OLECTRA,NSE
OMAXAUTO,NSE
OMAXE,NSE
OMFREIGHT,NSE
OMINFRAL,NSE
OMNI,NSE
OMPOWER,NSE
ONEGLOBAL,NSE
ONEPOINT,NSE
ONESOURCE,NSE
ONGC,NSE
ONIDA,NSE
ONIXSOLAR,NSE
ONWARDTEC,NSE
OPTIEMUS,NSE
OPTIFIN,NSE
ORBTEXP,NSE
ORCHASP,NSE
ORCHPHARMA,NSE
ORICONENT,NSE
ORIENTALTL,NSE
ORIENTBELL,NSE
ORIENTCABL,NSE
ORIENTCEM,NSE
ORIENTCER,NSE
ORIENTELEC,NSE
ORIENTHOT,NSE
ORIENTPPR,NSE
ORIENTTECH,NSE
ORIRAIL,NSE
ORISSAMINE,NSE
ORKLAINDIA,NSE
ORTINGLOBE,NSE
OSWALAGRO,NSE
OSWALGREEN,NSE
OSWALPUMPS,NSE
OSWALSEEDS,NSE
PACEDIGITK,NSE
PACIFICI,NSE
PAGEIND,NSE
PAISALO,NSE
PAKKA,NSE
PALASHSECU,NSE
PALREDTEC,NSE
PANACEABIO,NSE
PANAMAPET,NSE
PANCHMAHQ,NSE
PANORAMA,NSE
PANSARI,NSE
PARACABLES,NSE
PARADEEP,NSE
PARAGMILK,NSE
PARAS,NSE
PARASPETRO,NSE
PARIN,NSE
PARKHOSPS,NSE
PARKHOTELS,NSE
PARNAXLAB,NSE
PASHUPATI,NSE
PASUPTAC,NSE
PATANJALI,NSE
PATELENG,NSE
PATELRMART,NSE
PATINTLOG,NSE
PAUSHAKLTD,NSE
PAVNAIND,NSE
PAYTM,NSE
PBMPOLY,NSE
PCBL,NSE
PCJEWELLER,NSE
PDMJEPAPER,NSE
PDSL,NSE
PEARLPOLY,NSE
PENIND,NSE
PENINLAND,NSE
PERMAGN,NSE
PERNIASPOP,NSE
PERSISTENT,NSE
PETRONET,NSE
PFC,NSE
PFIZER,NSE
PFOCUS,NSE
PFS,NSE
PGEL,NSE
PGHH,NSE
PGHL,NSE
PGIL,NSE
PHOENIXLTD,NSE
PHOENXINTL,NSE
PICCADIL,NSE
PIDILITIND,NSE
PIGL,NSE
PIIND,NSE
PILANIINVS,NSE
PILITA,NSE
PINELABS,NSE
PIONEEREMB,NSE
PIRAMALFIN,NSE
PITTIENG,NSE
PIXTRANS,NSE
PLASTIBLEN,NSE
PLATIND,NSE
PLAZACABLE,NSE
PML,NSE
PNB,NSE
PNBGILTS,NSE
PNBHOUSING,NSE
PNC,NSE
PNCINFRA,NSE
PNGJL,NSE
PNGSREVA,NSE
POCL,NSE
PODDARMENT,NSE
POEL,NSE
POKARNA,NSE
POLICYBZR,NSE
POLYCAB,NSE
POLYMED,NSE
POLYPLEX,NSE
POLYSPIN,NSE
PONNIERODE,NSE
POONAWALLA,NSE
POWERGRID,NSE
POWERICA,NSE
POWERINDIA,NSE
POWERMECH,NSE
PPL,NSE
PPLPHARMA,NSE
PRABHA,NSE
PRADPME,NSE
PRAENG,NSE
PRAJIND,NSE
PRAKASH,NSE
PRAKASHSTL,NSE
PRANAV,NSE
PRASOLCHEM,NSE
PRAVEG,NSE
PRAXIS,NSE
PRECAM,NSE
PRECOT,NSE
PRECWIRE,NSE
PREMCO,NSE
PREMEXPLN,NSE
PREMIERENE,NSE
PREMIERPOL,NSE
PRESTIGE,NSE
PRICOLLTD,NSE
PRIMESECU,NSE
PRIMO,NSE
PRINCEPIPE,NSE
PRIORITY,NSE
PRISMX,NSE
PRITI,NSE
PRITIKAUTO,NSE
PRIVISCL,NSE
PROSTARM,NSE
PROTEAN,NSE
PROZONER,NSE
PRSMJOHNSN,NSE
PRUDENT,NSE
PRUDMOULI,NSE
PSB,NSE
PSPPROJECT,NSE
PTC,NSE
PTCIL,NSE
PTL,NSE
PUNJABCHEM,NSE
PURVA,NSE
PVP,NSE
PVRINOX,NSE
PVSL,NSE
PWL,NSE
PYRAMID,NSE
QPOWER,NSE
QUADFUTURE,NSE
QUESS,NSE
QUICKHEAL,NSE
QUINTEGRA,NSE
RACE,NSE
RACLGEAR,NSE
RADAAN,NSE
RADIANTCMS,NSE
RADICO,NSE
RADIOCITY,NSE
RAILTEL,NSE
RAIN,NSE
RAINBOW,NSE
RAJMET,NSE
RAJOOENG,NSE
RAJPALAYAM,NSE
RAJRATAN,NSE
RAJSREESUG,NSE
RALLIS,NSE
RAMANEWS,NSE
RAMAPHO,NSE
RAMBHAJO,NSE
RAMCOCEM,NSE
RAMCOIND,NSE
RAMCOSYS,NSE
RAMKY,NSE
RAMRAT,NSE
RANASUG,NSE
RANEHOLDIN,NSE
RATEGAIN,NSE
RATNAMANI,NSE
RATNAVEER,NSE
RAYMOND,NSE
RAYMONDLSL,NSE
RAYMONDREL,NSE
RBA,NSE
RBLBANK,NSE
RCF,NSE
RECLTD,NSE
REDINGTON,NSE
REDTAPE,NSE
REFEX,NSE
REGAAL,NSE
REGENCERAM,NSE
RELAXO,NSE
RELCHEMQ,NSE
RELIABLE,NSE
RELIANCE,NSE
RELIGARE,NSE
RELTD,NSE
REMSONSIND,NSE
RENTOMOJO,NSE
RENUKA,NSE
REPCOHOME,NSE
REPL,NSE
REPRO,NSE
RESPONIND,NSE
RGL,NSE
RHETAN,NSE
RHIM,NSE
RHL,NSE
RICOAUTO,NSE
RIIL,NSE
RIR,NSE
RISHABH,NSE
RITCO,NSE
RITES,NSE
RKDL,NSE
RKFORGE,NSE
RKSWAMY,NSE
RMC,NSE
RML,NSE
ROHLTD,NSE
ROLEXRINGS,NSE
ROML,NSE
ROSSARI,NSE
ROSSELLIND,NSE
ROSSTECH,NSE
ROTO,NSE
ROUTE,NSE
RPEL,NSE
RPGLIFE,NSE
RPOWER,NSE
RPPINFRA,NSE
RPSGVENT,NSE
RPTECH,NSE
RRECL,NSE
RRIL,NSE
RRKABEL,NSE
RSL,NSE
RSSOFTWARE,NSE
RSWM,NSE
RSYSTEMS,NSE
RTNINDIA,NSE
RTNPOWER,NSE
RUBFILA,NSE
RUBICON,NSE
RUBYMILLS,NSE
RUCHINFRA,NSE
RUCHIRA,NSE
RUDRA,NSE
RUNWALENTR,NSE
RUPA,NSE
RUSHIL,NSE
RUSTOMJEE,NSE
RVHL,NSE
RVNL,NSE
RVTH,NSE
S&SPOWER,NSE
SAATVIKGL,NSE
SAB,NSE
SADBHAV,NSE
SADBHIN,NSE
SAFARI,NSE
SAGARDEEP,NSE
SAGCEM,NSE
SAGILITY,NSE
SAHLIBHFI,NSE
SAHYADRI,NSE
SAICAPI,NSE
SAIL,NSE
SAILIFE,NSE
SAIPARENT,NSE
SAKAR,NSE
SAKHTISUG,NSE
SAKSOFT,NSE
SAKUMA,NSE
SALASAR,NSE
SALONA,NSE
SALSTEEL,NSE
SALZERELEC,NSE
SAMBANDAM,NSE
SAMBHAAV,NSE
SAMBHV,NSE
SAMHI,NSE
SAMMAANCAP,NSE
SAMPANN,NSE
SANATHAN,NSE
SANDESH,NSE
SANDHAR,NSE
SANDUMA,NSE
SANGAMIND,NSE
SANGHVIMOV,NSE
SANOFI,NSE
SANOFICONR,NSE
SANSERA,NSE
SANSTAR,NSE
SAPPHIRE,NSE
SAPPL,NSE
SARDAEN,NSE
SAREGAMA,NSE
SARLAPOLY,NSE
SARVESHWAR,NSE
SASKEN,NSE
SATIA,NSE
SATIN,NSE
SAURASHCEM,NSE
SAYAJIHOTL,NSE
SAYAJIIND,NSE
SBC,NSE
SBCL,NSE
SBFC,NSE
SBGLP,NSE
SBICARD,NSE
SBIFUNDS,NSE
SBILIFE,NSE
SBIN,NSE
SCHAEFFLER,NSE
SCHAND,NSE
SCHNEIDER,NSE
SCI,NSE
SCILAL,NSE
SCODATUBES,NSE
SDBL,NSE
SEAMECLTD,NSE
SECMARK,NSE
SECURKLOUD,NSE
SEDEMAC,NSE
SEIL,NSE
SEJALLTD,NSE
SEKURITIND,NSE
SEMAC,NSE
SENCO,NSE
SENORES,NSE
SEPC,NSE
SERVOTECH,NSE
SESHAPAPER,NSE
SETL,NSE
SFL,NSE
SGFIN,NSE
SGIL,NSE
SGL,NSE
SGLRES,NSE
SGMART,NSE
SGRL,NSE
SHADOWFAX,NSE
SHAH,NSE
SHAILY,NSE
SHAKTIPUMP,NSE
SHALBY,NSE
SHANKARA,NSE
SHANKESH,NSE
SHANTI,NSE
SHANTIGEAR,NSE
SHANTIGOLD,NSE
SHARDACROP,NSE
SHARDAMOTR,NSE
SHAREINDIA,NSE
SHBAJRG,NSE
SHEMAROO,NSE
SHERVANI,NSE
SHILCTECH,NSE
SHILGRAVQ,NSE
SHILPAMED,NSE
SHINDL,NSE
SHIPROCKET,NSE
SHIVAAGRO,NSE
SHIVACEM,NSE
SHIVALIK,NSE
SHIVAMAUTO,NSE
SHIVAMILLS,NSE
SHIVATEX,NSE
SHIVAUM,NSE
SHK,NSE
SHOPERSTOP,NSE
SHRADDHA,NSE
SHRADHA,NSE
SHREDIGCEM,NSE
SHREECEM,NSE
SHREEJISPG,NSE
SHREEPUSHK,NSE
SHREERAMA,NSE
SHREYANIND,NSE
SHRIKRISH,NSE
SHRINGARMS,NSE
SHRIPISTON,NSE
SHRIRAMFIN,NSE
SHRIRAMPPS,NSE
SHRJAGP,NSE
SHUKRAPHAR,NSE
SHYAMCENT,NSE
SHYAMMETL,NSE
SHYAMTEL,NSE
SICAGEN,NSE
SIEL,NSE
SIEMENS,NSE
SIGACHI,NSE
SIGMA,NSE
SIGNATURE,NSE
SIGNPOST,NSE
SIKA,NSE
SIL,NSE
SILGO,NSE
SILINV,NSE
SILVERTUC,NSE
SIMPLEXINF,NSE
SIMPLXREA,NSE
SINCLAIR,NSE
SINDHUTRAD,NSE
SINGERIND,NSE
SINTERCOM,NSE
SIRCA,NSE
SIS,NSE
SIYSIL,NSE
SJS,NSE
SJVN,NSE
SKFINDIA,NSE
SKFINDUS,NSE
SKIPPER,NSE
SKMEGGPROD,NSE
SKYGOLD,NSE
SKYWAYS,NSE
SMARTWORKS,NSE
SMCGLOBAL,NSE
SMLMAH,NSE
SMLT,NSE
SMSPHARMA,NSE
SNOWMAN,NSE
SOBHA,NSE
SOFTTECH,NSE
SOLARA,NSE
SOLARINDS,NSE
SOLARWORLD,NSE
SOLEX,NSE
SOMANYCERA,NSE
SOMATEX,NSE
SOMICONVEY,NSE
SONACOMS,NSE
SONAL,NSE
SONATSOFTW,NSE
SOTL,NSE
SOUTHBANK,NSE
SOUTHWEST,NSE
SPAL,NSE
SPANDANA,NSE
SPARC,NSE
SPCENET,NSE
SPENCERS,NSE
SPIC,NSE
SPLIL,NSE
SPLPETRO,NSE
SPMLINFRA,NSE
SPORTKING,NSE
SRD,NSE
SRF,NSE
SRGHFL,NSE
SRHHYPOLTD,NSE
SRM,NSE
SRTL,NSE
SSDL,NSE
SSRETAIL,NSE
SSWL,NSE
STANLEY,NSE
STAR,NSE
STARCEMENT,NSE
STARHEALTH,NSE
STARPAPER,NSE
STARTECK,NSE
STCINDIA,NSE
STEAMHOUSE,NSE
STEELCAS,NSE
STEELCITY,NSE
STEELXIND,NSE
STEL,NSE
STERTOOLS,NSE
STLNETWORK,NSE
STLSTRINF,NSE
STOVEKRAFT,NSE
STUDDS,NSE
STYL,NSE
STYLAMIND,NSE
STYLEBAAZA,NSE
STYRENIX,NSE
SUBEXLTD,NSE
SUBROS,NSE
SUDARCOLOR,NSE
SUDARSCHEM,NSE
SUDEEPPHRM,NSE
SUKHJITS,NSE
SULA,NSE
SUMEDHA,NSE
SUMEETINDS,NSE
SUMICHEM,NSE
SUMIT,NSE
SUMMITSEC,NSE
SUNCLAY,NSE
SUNDARAM,NSE
SUNDARMFIN,NSE
SUNDRMBRAK,NSE
SUNDRMFAST,NSE
SUNDROP,NSE
SUNFLAG,NSE
SUNLOC,NSE
SUNPHARMA,NSE
SUNRAKSHAK,NSE
SUNSHIEL,NSE
SUNSHINE,NSE
SUNTECK,NSE
SUNTV,NSE
SUPERHOUSE,NSE
SUPRAJIT,NSE
SUPREME,NSE
SUPREMEIND,NSE
SUPREMEINF,NSE
SUPRIYA,NSE
SURAJEST,NSE
SURAJLTD,NSE
SURAKSHA,NSE
SURANASOL,NSE
SURANAT&P,NSE
SURYALA,NSE
SURYALAXMI,NSE
SURYAROSNI,NSE
SURYODAY,NSE
SUTLEJTEX,NSE
SUVEN,NSE
SUVIDHAA,NSE
SUYOG,NSE
SUZLON,NSE
SVGLOBAL,NSE
SVLL,NSE
SVPGLOB,NSE
SWANCORP,NSE
SWARAJENG,NSE
SWARNSAR,NSE
SWELECTES,NSE
SWIGGY,NSE
SWSOLAR,NSE
SYMBIOTEC,NSE
SYMPHONY,NSE
SYNCOMF,NSE
SYNGENE,NSE
SYRMA,NSE
TAALTECH,NSE
TAINWALCHM,NSE
TAJGVK,NSE
TAKE,NSE
TALBROAUTO,NSE
TANAA,NSE
TANLA,NSE
TARACHAND,NSE
TARAPUR,NSE
TARC,NSE
TARIL,NSE
TARMAT,NSE
TARSONS,NSE
TASTYBITE,NSE
TATACAP,NSE
TATACHEM,NSE
TATACOMM,NSE
TATACONSUM,NSE
TATAELXSI,NSE
TATAINVEST,NSE
TATAPOWER,NSE
TATASTEEL,NSE
TATATECH,NSE
TATVA,NSE
TBOTEK,NSE
TCC,NSE
TCI,NSE
TCIEXP,NSE
TCIFINANCE,NSE
TCPLPACK,NSE
TCS,NSE
TDPOWERSYS,NSE
TEAMGTY,NSE
TEAMLEASE,NSE
TECHM,NSE
TECHNOCRAF,NSE
TECHNOE,NSE
TECHNVISN,NSE
TECILCHEM,NSE
TEGA,NSE
TEJASNET,NSE
TEMBO,NSE
TEMPSENS,NSE
TENNIND,NSE
TERAI,NSE
TERASOFT,NSE
TEXINFRA,NSE
TEXMOPIPES,NSE
TEXRAIL,NSE
TFCILTD,NSE
TFL,NSE
TGBHOTELS,NSE
TGVSL,NSE
THACKER,NSE
THAKDEV,NSE
THANGAMAYL,NSE
THEINVEST,NSE
THEJO,NSE
THELEELA,NSE
THEMISMED,NSE
THERMAX,NSE
THOMASCOOK,NSE
THOMASCOTT,NSE
THYROCARE,NSE
TI,NSE
TIGERLOGS,NSE
TIIL,NSE
TIINDIA,NSE
TIMETECHNO,NSE
TIMEX,NSE
TIMKEN,NSE
TINNARUBR,NSE
TIPSFILMS,NSE
TIPSMUSIC,NSE
TIRUMALCHM,NSE
TITAGARH,NSE
TITAN,NSE
TMB,NSE
TMCV,NSE
TMPV,NSE
TNPETRO,NSE
TNPL,NSE
TOKYOPLAST,NSE
TOLINS,NSE
TORNTPHARM,NSE
TORNTPOWER,NSE
TOUCHWOOD,NSE
TOYAMSL,NSE
TPLPLASTEH,NSE
TRACXN,NSE
TRANSCOR,NSE
TRANSRAILL,NSE
TRAVELFOOD,NSE
TREEHOUSE,NSE
TREJHARA,NSE
TREL,NSE
TRENT,NSE
TRF,NSE
TRIDENT,NSE
TRIGYN,NSE
TRITONV,NSE
TRITURBINE,NSE
TRIVENI,NSE
TRU,NSE
TRUALT,NSE
TSFINV,NSE
TTKHLTCARE,NSE
TTKPRESTIG,NSE
TTL,NSE
TTML,NSE
TURTLEMINT,NSE
TUTIALKA,NSE
TVSELECT,NSE
TVSHLTD,NSE
TVSMOTOR,NSE
TVSSCS,NSE
TVSSRICHAK,NSE
TVTODAY,NSE
UBL,NSE
UCOBANK,NSE
UDAYJEW,NSE
UDS,NSE
UEL,NSE
UFLEX,NSE
UFO,NSE
UGROCAP,NSE
UJJIVANSFB,NSE
ULTRACEMCO,NSE
ULTRAMAR,NSE
UMESLTD,NSE
UMIYA-MRO,NSE
UNICHEMLAB,NSE
UNIDT,NSE
UNIECOM,NSE
UNIENTER,NSE
UNIINFO,NSE
UNIMECH,NSE
UNIONBANK,NSE
UNIPARTS,NSE
UNITDSPR,NSE
UNITECH,NSE
UNITEDPOLY,NSE
UNITEDTEA,NSE
UNIVCABLES,NSE
UNOMINDA,NSE
UPHOT,NSE
UPL,NSE
URBANCO,NSE
URJA,NSE
USHAMART,NSE
USK,NSE
UTIAMC,NSE
UTKARSHBNK,NSE
UTLSOLAR,NSE
UTTAMSUGAR,NSE
V2RETAIL,NSE
VADILALIND,NSE
VADILENT,NSE
VAIBHAVGBL,NSE
VAISHALI,NSE
VAKRANGEE,NSE
VALIANTORG,NSE
VAML,NSE
VARDHACRLC,NSE
VARDMNPOLY,NSE
VARMORA,NSE
VARROC,NSE
VASCONEQ,NSE
VASUPRADA,NSE
VASWANI,NSE
VBL,NSE
VEDAVAAG,NSE
VEDL,NSE
VEDPOWER,NSE
VEEDOL,NSE
VEEGALAND,NSE
VENKEYS,NSE
VENTIVE,NSE
VENUSPIPES,NSE
VERTOZ,NSE
VESUVIUS,NSE
VETO,NSE
VGCL,NSE
VGL,NSE
VGUARD,NSE
VHL,NSE
VIDHIING,NSE
VIDYAWIRES,NSE
VIJAYA,NSE
VIJSOLX,NSE
VIKASECO,NSE
VIKASLIFE,NSE
VIKRAMSOLR,NSE
VIKRAN,NSE
VIMTALABS,NSE
VINATIORGA,NSE
VINCOFE,NSE
VINDHYATEL,NSE
VINEETLAB,NSE
VINNY,NSE
VINYLINDIA,NSE
VIPCLOTHNG,NSE
VIPIND,NSE
VIRAT,NSE
VIRINCHI,NSE
VISACHROME,NSE
VISHAL,NSE
VISHNU,NSE
VISHWARAJ,NSE
VISL,NSE
VITAL,NSE
VIVIANA,NSE
VIVIDHA,NSE
VIVOBIOT,NSE
VIYASH,NSE
VLEGOV,NSE
VLSFINANCE,NSE
VMART,NSE
VMM,NSE
VMSTMT,NSE
VOEPL,NSE
VOGL,NSE
VOITHPAPR,NSE
VOLTAMP,NSE
VOLTAS,NSE
VPRPL,NSE
VRAJ,NSE
VRLLOG,NSE
VSSL,NSE
VSTIND,NSE
VSTL,NSE
VSTTILLERS,NSE
VTL,NSE
VTMLTD,NSE
WAAREEENER,NSE
WAAREEINDO,NSE
WAAREERTL,NSE
WABAG,NSE
WAKEFIT,NSE
WALCHANNAG,NSE
WANBURY,NSE
WATERBASE,NSE
WCIL,NSE
WEALTH,NSE
WEBELSOLAR,NSE
WEIZMANIND,NSE
WEL,NSE
WELCORP,NSE
WELENT,NSE
WELSPLSOL,NSE
WELSPUNLIV,NSE
WENDT,NSE
WESTLIFE,NSE
WEWIN,NSE
WEWORK,NSE
WHBRADY,NSE
WHEELS,NSE
WHIRLPOOL,NSE
WILLAMAGOR,NSE
WINDLAS,NSE
WINDMACHIN,NSE
WIPL,NSE
WIPRO,NSE
WOCKPHARMA,NSE
WONDERLA,NSE
WORTHPERI,NSE
WPIL,NSE
WSI,NSE
WSTCSTPAPR,NSE
XCHANGING,NSE
XELPMOC,NSE
XPROINDIA,NSE
XTGLOBAL,NSE
XTRANET,NSE
YASHO,NSE
YATHARTH,NSE
YATRA,NSE
YESBANK,NSE
YOGI,NSE
YUKEN,NSE
ZAGGLE,NSE
ZEEL,NSE
ZEELEARN,NSE
ZEEMEDIA,NSE
ZENITHEXPO,NSE
ZENITHSTL,NSE
ZENSARTECH,NSE
ZENTEC,NSE
ZFCVINDIA,NSE
ZFSTEERING,NSE
ZIMLAB,NSE
ZODIAC,NSE
ZODIACLOTH,NSE
ZOTA,NSE
ZSARACOM,NSE
ZUARI,NSE
ZUARIIND,NSE
ZYDUSLIFE,NSE
ZYDUSWELL,NSE
