symbol,name,isin,code
AMBALALSA,AMBALAL SARABHAI ENTERPRISES L,INE432A01017,500009
ANDHRAPET,ANDHRA PETROCHEMICALS LTD.,INE714B01016,500012
UTIQUE,UTIQUE ENTERPRISES LIMITED,INE096A01010,500014
ARUNAHTEL,ARUNA HOTELS LTD.,INE957C01019,500016
ATVPR,ATV PROJECTS INDIA LTD.,INE447A01015,500028
BHAGGAS,BHAGAWATI GAS LIMITED,INE099C01010,500051
BIHSPONG,BIHAR SPONGE IRON LTD.,INE819C01011,500058
BILVYAPAR,BIL VYAPAR LIMITED,INE071A01013,500059
QUESTCAP,QUEST CAPITAL MARKETS LIMITED,INE418C01012,500069
FGP,FGP LTD.,INE512A01016,500142
PHCAP,P H CAPITAL LIMITED,INE160F01013,500143
GANESHBE,GANESH BENZOPLAST LTD.,INE388A01029,500153
GOODRICKE,GOODRICKE GROUP LTD.,INE300A01016,500166
HARCR,HARIG CRANKSHAFTS LTD.,INE905C01034,500178
HFCL,HFCL LIMITED,INE548A01028,500183
PRAGBOS,PRAG BOSIMI SYNTHETICS LTD.,INE962B01011,500192
INDLEASE,INDIA LEASE DEVELOPMENT LTD.,INE333C01013,500202
MARGOFIN,MARGO FINANCE LIMITED,INE680B01019,500206
ITHL,INTERNATIONAL TRAVEL HOUSE LTD,INE262B01016,500213
JASCH,JASCH INDUSTRIES LTD.,INE711C01028,500220
KANELIND,KANEL INDUSTRIES LIMITED,INE252C01023,500236
KGDENIM,KG DENIM LTD.,INE104A01012,500239
KINETICENG,KINETIC ENGINEERING LTD.,INE266B01017,500240
ENVAIREL,ENVAIR ELECTRODYNE LTD.,INE601C01013,500246
LYKALABS,LYKA LABS LTD.,INE933A01014,500259
MAJESAUT,MAJESTIC AUTO LTD.,INE201B01022,500267
BARODARY,BARODA RAYON CORPORATION LTD.,INE461A01024,500270
MIDINDIA,MID INDIA INDUSTRIES LTD.,INE401C01018,500277
SPICEJET,SPICEJET LTD.,INE285B01017,500285
NAPEROL,Naperol Investments Limited,INE585A01020,500298
OILCOUNTUB,OIL COUNTRY TUBULAR LTD.,INE591A01010,500313
INDSUCR,INDIAN SUCROSE LTD.,INE557C01017,500319
PANCM,PANYAM CEMENTS & MINERAL INDUS,INE167E01037,500322
PUNJCOMMU,PUNJAB COMMUNICATIONS LTD.,INE609A01010,500346
RAPICUT,RAPICUT CARBIDES LTD.,INE350D01015,500360
SALORAINTL,SALORA INTERNATIONAL LTD.,INE924A01013,500370
SAMTELIN,SAMTEL INDIA LTD.,INE538C01017,500371
SKPMIL,SHREE KRISHNA PAPER MILLS & IN,INE970C01012,500388
RELINFRA,RELIANCE INFRASTRUCTURE LTD.,INE036A01016,500390
STEELCO,STEELCO GUJARAT LTD.,INE629B01032,500399
TPINDIA,TPI INDIA LTD.,INE578C01021,500421
TRANSCHEM,TRANSCHEM LTD.,INE019B01010,500422
UTLINDS,UTL INDUSTRIES LIMITED,INE184E01024,500426
HOCL,HINDUSTAN ORGANIC CHEMICALS LT,INE048A01011,500449
MPILCORPL,MPIL CORPORATION LTD.,INE844C01027,500450
TEAM24,TEAM24 CONSUMER PRODUCTS LIMIT,INE601A01017,500458
UCAL,UCAL LIMITED,INE139B01016,500464
HINDMOTORS,HINDUSTAN MOTORS LTD.,INE253A01025,500500
PREMIER,PREMIER LTD.,INE342A01018,500540
DSINVEST,DALAL STREET INVESTMENTS LTD.,INE422D01012,501148
KARTKIN,KARTIK INVESTMENTS TRUST LTD.,INE524U01019,501151
LORDSMARK,Lords Mark Industries Limited,INE567L01025,501261
ANTARIKSH,ANTARIKSH INDUSTRIES LIMITED,INE825M01017,501270
WALCHPF,WALCHAND PEOPLEFIRST LTD.,INE695D01021,501370
BOMBCYC,BOMBAY CYCLE & MOTOR AGENCY LT,INE691K01017,501430
MULLER,MULLER & PHIPPS (INDIA) LTD.,INE003F01015,501477
INDIANVSH,INDIANIVESH LTD.,INE131H01028,501700
CHOWGULSTM,CHOWGULE STEAMSHIPS LTD.,INE490A01015,501833
GARWAOFFS,GARWARE OFFSHORE SERVICES LIMI,INE446C01013,501848
ASIIL,ASI INDUSTRIES LIMITED,INE443A01030,502015
LERTHAI,LERTHAI FINANCE LIMITED,INE347D01011,502250
TRIVENIGQ,TRIVENI GLASS LTD.,INE094C01011,502281
CITADEL,CITADEL REALTY AND DEVELOPERS,INE906D01014,502445
ROLLT,ROLLATAINERS LTD.,INE927A01040,502448
NATHIND,NATH INDUSTRIES LIMITED,INE777A01023,502587
FORBESCO,FORBES & COMPANY LTD.,INE518A01013,502865
HPCOTTON,H.P.COTTON TEXTILE MILLS LTD.,INE950C01014,502873
UNITEDINT,UNITED INTERACTIVE LTD.,INE706D01018,502893
JAMSHRI,JAMSHRI REALTY LIMITED,INE462D01034,502901
KATRSPG,KATARE SPINNING MILLS LTD.,INE498G01015,502933
PASUSPG,PASUPATI SPG.& WVG.MILLS LTD.,INE909B01020,503092
VICTMILL,VICTORIA MILLS LTD.,INE203D01016,503349
ZSVARAJT,SVARAJ TRADING & AGENCIES LTD.,INE406N01014,503624
SALSAIN,SHREE SALASAR INVESTMENT LTD.,INE315N01017,503635
APOLLOIN,Apollo Ingredients Limited,INE314N01028,503639
ZODIACVEN,ZODIAC VENTURES LIMITED,INE945J01027,503641
VEERENRGY,VEER ENERGY & INFRASTRUCTURE L,INE255E01030,503657
SW1,SW INVESTMENTS LTD,INE948K01011,503659
TILAK,Tilak Ventures Limited,INE026L01022,503663
WAGEND,WAGEND INFRA VENTURE LIMITED,INE786K01023,503675
MODIPON,MODIPON LTD.,INE170C01019,503776
SHRIDINE,SHRI DINESH MILLS LTD.,INE204C01024,503804
SWADPOL,SWADESHI POLYTEX LTD.,INE243N01029,503816
SHRAJSYNQ,SHREE RAJASTHAN SYNTEX LTD.,INE796C01011,503837
SHRMFGC,SHREE MANUFACTURING CO.LTD.,INE632A01012,503863
GEE,GEE LTD.,INE064H01021,504028
JYOTI,JYOTI LTD.,INE511D01012,504076
KAYCEEI,KAYCEE INDUSTRIES LTD.,INE813G01023,504084
PANAENERG,PANASONIC ENERGY INDIA COMPANY,INE795A01017,504093
HIGHENE,HIGH ENERGY BATTERIES (INDIA),INE783E01023,504176
STDBAT,STANDARD BATTERIES LTD.,INE502C01039,504180
DLTNCBL,DELTON CABLES LTD.,INE872E01016,504240
LAKSELEC,LAKSHMI ELECTRICAL CONTROL SYS,INE284C01018,504258
LONGSPUR,Longspur International Venture,INE180M01033,504340
ZMULTIPU,MULTIPURPOSE TRADING & AGENCIE,INE017P01014,504356
GRANDMA,GRANDMA TRADING & AGENCIES LTD,INE927M01029,504369
NYSSACORP,NYSSA CORPORATION LIMITED,INE812K01027,504378
FLOMIC,FLOMIC GLOBAL LOGISTICS LIMITE,INE952M01019,504380
KRISHNA,KRISHNA VENTURES LIMITED,INE537L01010,504392
GANHOLD,GANESH HOLDINGS LTD.,INE932M01011,504397
UNIABEXAL,UNI ABEX ALLOY PRODUCTS LTD.,INE361D01012,504605
BGWTATO,BHAGWATI AUTOCAST LTD.,INE106G01014,504646
BOMBWIR,BOMBAY WIRE ROPES LTD.,INE089T01023,504648
GALADA,GALADA POWER & TELECOMMUNICATI,INE255C01026,504697
INLCM,INDIAN LINK CHAIN MANUFACTURES,INE359D01024,504746
INVPRECQ,INVESTMENT & PRECISION CASTING,INE155E01016,504786
RATHIST,RATHI STEEL & POWER LTD.,INE336C01016,504903
DUNCANENG,Duncan Engineering Limited,INE340F01011,504908
STOVACQ,STOVEC INDUSTRIES LTD.,INE755D01015,504959
ZWELCAST,WELCAST STEELS LTD.,INE380G01015,504988
SETCO,SETCO AUTOMOTIVE LTD.,INE878E01021,505075
TIL,TIL LTD.,INE806C01018,505196
JAINEX,JAINEX AAMCOL LTD.,INE280F01019,505212
VELJAN,VELJAN DENISON LIMITED,INE232E01013,505232
GGDPROP,G. G. Dandekar Properties Limi,INE631D01026,505250
KPT,KPT INDUSTRIES LIMITED,INE731D01024,505299
LAKSHMIEW,LAKSHMI ENGINEERING AND WAREHO,INE718M01022,505302
MANUGRAPH,MANUGRAPH INDIA LTD.,INE867A01022,505324
HARSHILAGR,HARSHIL AGROTECH LIMITED,INE098E01026,505336
MONOT,MONOTYPE INDIA LTD.,INE811D01024,505343
INTEGRAEN,INTEGRA ENGINEERING INDIA LTD.,INE984B01023,505358
PSITINFRA,PS IT INFRASTRUCTURE & SERVICE,INE953M01033,505502
GHVINFRA,GHV INFRA PROJECTS LIMITED,INE809Q01020,505504
SHYMINV,SHYAMKAMAL INVESTMENTS LTD.,INE203N01015,505515
MAHACORP,MAHARASHTRA CORPORATION LTD.,INE272E01027,505523
SKYLMILAR,SKYLINE MILLARS LTD.,INE178E01026,505650
BHARATGEAR,BHARAT GEARS LTD.,INE561C01019,505688
BRADYM,BRADY & MORRIS ENGINEERING CO.,INE856A01017,505690
LATIMMETAL,La Tim Metal & Industries Limi,INE501N01020,505693
HIMTEK,HIM TEKNOFORGE LIMITED,INE705G01021,505712
HERCULES,Hercules Investments Limited,INE688E01024,505720
INTLCOMBQ,INTERNATIONAL COMBUSTION (INDI,INE403C01014,505737
JOSTS,JOSTS ENGINEERING CO.LTD.,INE636D01041,505750
MPCOSEMB,MIPCO SEAMLESS RINGS (GUJARAT),INE860N01012,505797
SNL,SNL BEARINGS LTD.,INE568F01017,505827
JAIPAN,JAIPAN INDUSTRIES LTD.,INE058D01030,505840
HINDHARD,HINDUSTAN HARDY LIMITED,INE724D01011,505893
SUDAI,SUDAL INDUSTRIES LTD.,INE618D01015,506003
STANROS,STANROSE MAFATLAL INVESTMENTS,INE441L01015,506105
VOLKAI,Kairosoft AI Solutions Limited,INE820M01026,506122
GOURMET,GOURMET GATEWAY INDIA LIMITED,INE512D01028,506134
APIS,APIS INDIA LTD.,INE070K01014,506166
EMERGENT,EMERGENT INDUSTRIAL SOLUTIONS,INE668L01013,506180
GSLTD,GALAXY SUPERMARKET LIMITED,INE403B01016,506186
BLISSGVS,BLISS GVS PHARMA LTD.,INE416D01022,506197
MODISONLTD,MODISON LIMITED,INE737D01021,506261
STARSOURCE,STARSOURCE MULTITRADE LIMITED,INE320M01019,506365
JAYCH,JAYSHREE CHEMICALS LTD.,INE693E01016,506520
KANORICHEM,KANORIA CHEMICALS & INDUSTRIES,INE138C01024,506525
KELENRG,KELTECH ENERGIES LTD.,INE881E01017,506528
MPAGI,M.P.AGRO INDUSTRIES LTD.,INE468C01017,506543
AGVENTURES,AG VENTURES LIMITED,INE321D01016,506579
POLYCHEM,POLYCHEM LTD.,INE752B01024,506605
ZR2,ZR2 BIOENERGY LIMITED,INE218N01021,506640
SADHNANIQ,SADHANA NITROCHEM LTD.,INE888C01040,506642
TRANSPEK,TRANSPEK INDUSTRY LTD.,INE687A01016,506687
MYSORPETRO,MYSORE PETRO CHEMICALS LTD.,INE741A01011,506734
TANFACIND,TANFAC INDUSTRIES LTD.,INE639B01023,506854
GUJPETR,GUJARAT PETROSYNTHESE LTD.,INE636P01011,506858
SWADEIN,SWADESHI INDUSTRIES LEASING CO,INE716M01034,506863
SCBL,Saptak Chem And Business Limit,INE467X01023,506906
ADVPETR-B,ADVANCE PETROCHEMICALS LTD.,INE334N01018,506947
APTPACK,APT PACKAGING LTD.,INE046E01025,506979
BLUECHIPT,BLUE CHIP TEX INDUSTRIES LTD.,INE472D01017,506981
JAGAJITIND,JAGATJIT INDUSTRIES LTD.,INE574A01016,507155
KESARENT,KESAR ENTERPRISES LTD.,INE133B01027,507180
EMERALL,Emerald Leisures Limited,INE044N01021,507265
RAVALSUGAR,The Ravalgaon Sugar Farm Limit,INE615A01025,507300
KFBL,KOTHARI FERMENTATION & BIOCHEM,INE991B01010,507474
PICCASUG,PICCADILY SUGAR & ALLIED INDUS,INE544C01023,507498
CJGEL,C.J.GELATINE PRODUCTS LTD.,INE557D01015,507515
THAKKERS,THAKKERS GROUP LIMITED,INE04VT01017,507530
IVP,IVP LTD.,INE043C01018,507580
KLRFM,KOVILPATTI LAKSHMI ROLLER FLOU,INE014E01015,507598
OLYOI,OLYMPIC OIL INDUSTRIES LTD.,INE286E01019,507609
ORIBEVER,ORIENT BEVERAGES LTD.,INE247F01018,507690
LIMECHM,LIME CHEMICALS LTD.,INE891G01011,507759
NOL,NATIONAL OXYGEN LTD.,INE296D01010,507813
ANSALHSG,ANSAL HOUSING LIMITED,INE880B01015,507828
COMPUPN,COMPUTER POINT LTD.,INE607B01012,507833
PIONRINV,PIONEER INVESTCORP LTD.,INE746D01014,507864
ASHNOOR,ASHNOOR TEXTILE MILLS LTD.,INE372I01018,507872
KIDUJA,KIDUJA INDIA LTD.,INE845A01028,507946
KEYCORP,KEY CORP LTD.,INE130F01016,507948
GUJHOTE,GUJARAT HOTELS LTD.,INE621C01011,507960
FYNX,FYNX CAPITAL LIMITED,INE455H01021,507962
RASRESOR,RAS RESORTS & APART HOTELS LTD,INE651D01016,507966
JOLYPLS,JOLLY PLASTIC INDUSTRIES LTD.,INE289M01016,507968
PARMCOS-B,PARAMOUNT COSMETICS (INDIA) LT,INE143I01013,507970
JINDHOT,JINDAL HOTELS LTD.,INE726D01016,507981
SIMMOND,SIMMONDS MARSHALL LTD.,INE657D01021,507998
BNALTD,B & A LTD.,INE489D01011,508136
WARRENTEA,WARREN TEA LTD.,INE712A01012,508494
COCHMAL,COCHIN MALABAR ESTATES & INDUS,INE788M01017,508571
BESTEAST,BEST EASTERN HOTELS LTD.,INE553F01035,508664
NEWMKTAVE,NEW MARKETS AVENUE LIMITED,INE800K01014,508867
NITINCAST,Nitin Castings Limited,INE861H01020,508875
NEXOME,NEXOME CAPITAL MARKETS LIMITED,INE641A01013,508905
IRONWOOD,IRONWOOD EDUCATION LIMITED,INE791H01011,508918
PANCARBON,PANASONIC CARBON INDIA CO.LTD.,INE013E01017,508941
HBLEAS,HB LEASING & FINANCE CO.LTD.,INE549B01016,508956
SHRICON,SHRICON INDUSTRIES LTD.,INE753D01010,508961
TRUSTWAVE,TRUSTWAVE SECURITIES LIMITED,INE668Y01024,508963
SULABEN,SULABH ENGINEERS & SERVICES LT,INE673M01029,508969
THAKRAL,THAKRAL SERVICES (INDIA) LTD.,INE190F01028,509015
GOLDLEG,GOLDEN LEGAND LEASING & FINANC,INE088E01019,509024
VJTFEDU,VJTF EDUSERVICES LTD.,INE117F01013,509026
VOLLF,VOLTAIRE LEASING & FINANCE LTD,INE763D01019,509038
NETLINK,NETLINK SOLUTIONS (INDIA) LTD.,INE040F01033,509040
TRILIANCE,TRILIANCE POLYMERS LIMITED,INE778N01016,509046
LANCORHOL,LANCOR HOLDINGS LTD.,INE572G01025,509048
INDINFO,INDIAN INFOTECH & SOFTWARE LTD,INE300B01022,509051
BANASFN,BANAS FINANCE LTD.,INE521L01030,509053
VISAKAIND,VISAKA INDUSTRIES LTD.,INE392A01021,509055
HATHWAYB,HATHWAY BHAWANI CABLETEL & DAT,INE525B01016,509073
PHOTON,PHOTON CAPITAL ADVISORS LTD.,INE107J01016,509084
INDAG,INDAG RUBBER LTD.,INE802D01023,509162
MMRUBBR-B,MM RUBBER COMPANY LTD.,INE159E01026,509196
BHAGWOX,BHAGWATI OXYGEN LTD.,INE026I01010,509449
BOMOXY-B1,BOMBAY OXYGEN INVESTMENTS LIMI,INE01TL01014,509470
CAPRIHANS,CAPRIHANS INDIA LTD.,INE479A01018,509486
GRAVISSHO,GRAVISS HOSPITALITY LIMITED,INE214F01026,509546
GARWAMAR,GARWARE MARINE INDUSTRIES LTD.,INE925D01014,509563
HARDCAS,HARDCASTLE & WAUD MFG.CO.LTD.,INE722D01015,509597
MODRNSH,MODERN SHARES & STOCKBROKERS L,INE370A01019,509760
MAPROIN,MAPRO INDUSTRIES LTD.,INE848M01019,509762
PREMSYN,PREMIER SYNTHETICS LTD.,INE940N01012,509835
SHALPAINTS,SHALIMAR PAINTS LTD.,INE849C01026,509874
SINNAR,SINNAR BIDI UDYOG LTD.,INE896E01023,509887
HINDMILL,HINDOOSTAN MILLS LTD.,INE832D01020,509895
TRADWIN,TRADE WINGS LTD.,INE961E01017,509953
SWASTIVI,SWASTI VINAYAKA SYNTHETICS LTD,INE804A01025,510245
MSLGLOBAL,MSL GLOBAL LIMITED,INE856D01011,511000
YAMNINV,YAMINI INVESTMENTS COMPANY LTD,INE457N01025,511012
PREMCAP,PREMIER CAPITAL SERVICES LTD.,INE946K01023,511016
ZMILGFIN,MILGREY FINANCE & INVESTMENT L,INE679T01013,511018
SAKTHIFIN,SAKTHI FINANCE LTD.,INE302E01014,511066
JMDVL,JMD Ventures Limited,INE047E01031,511092
VBDESAI,V.B.DESAI FINANCIAL SERVICES L,INE848D01018,511110
QUADRANT,QUADRANT TELEVENTURES LIMITED,INE527B01020,511116
1STCUS,FIRST CUSTODIAN FUND (INDIA) L,INE609B01018,511122
AXISOL,AXIS SOLUTIONS LIMITED,INE520G01024,511144
WSFX,WSFX Global Pay Limited,INE549D01012,511147
ANJANIFOODS,Anjani Foods Limited,INE096I01021,511153
RKDAGRRTL,RKD AGRI AND RETAIL LIMITED,INE552N01023,511169
MILLENNIUM,Millennium Online Solutions (I,INE570N01025,511187
ICDSLTD,ICDS LTD.,INE613B01010,511194
BOMTALKIES,BOMBAY TALKIES LIMITED,INE910D01024,511246
ICONIKSPEV,ICONIK SPORTS AND EVENTS LIMIT,INE088P01015,511260
INDCEMCAP,INDIA CEMENTS CAPITAL LTD.,INE429D01017,511355
ADMANUM,AD-MANUM FINANCE LTD.,INE556D01017,511359
INTRGLB,INTER GLOBE FINANCE LTD.,INE661M01016,511391
SHRISTI,SHRISTI INFRASTRUCTURE DEVELOP,INE472C01027,511411
SYLPH,Sylph Industries Limited,INE706F01021,511447
DHARFIN,DHARANI FINANCE LTD.,INE899D01011,511451
ALEXANDER,Alexander Stamps And Coin Limi,INE191N01012,511463
SHRYDUS,SHRYDUS INDUSTRIES LIMITED,INE488C01015,511493
BHARAT,Bharat Bhushan Finance & Commo,INE900A01013,511501
CAPTRUST,CAPITAL TRUST LTD.,INE707C01018,511505
USHAKIRA,USHAKIRAN FINANCE LTD.,INE697C01011,511507
VEERHEALTH,VEERHEALTH CARE LIMITED,INE882C01035,511523
PANINDIAC,PAN INDIA CORPORATION LTD.,INE376A01032,511525
SAHARAHOUS,SAHARA HOUSINGFINA CORPORATION,INE135C01012,511533
NDASEC,NDA SECURITIES LTD.,INE026C01013,511535
SUPRATRE,Supra Trends Limited,INE533B01028,511539
GSBFIN,GSB FINANCE LTD.,INE777C01011,511543
MORARKFI,MORARKA FINANCE LTD.,INE367A01015,511549
CRESCENTIS,Crescentis Capital Limited,INE754C01010,511571
MANTRA,Mantra Capital Limited,INE304E01010,511577
LIBORDFIN,LIBORD FINANCE LTD,INE212B01011,511593
YASHMGM,YASH MANAGEMENT & SATELLITE LT,INE216B01012,511601
ISLCONSUL,ISL CONSULTING LTD.,INE569B01022,511609
RRFIN,RR FINANCIAL CONSULTANTS LTD.,INE229D01011,511626
OMEGAIN,OMEGA INTERACTIVE TECHNOLOGIES,INE113B01037,511644
SUGALDAM,SUGAL & DAMANI SHARE BROKERS L,INE309D01011,511654
NETTLINX,NETTLINX LTD.,INE027D01019,511658
BGIL,BGIL FILMS & TECHNOLOGIES LTD.,INE443D01018,511664
SCANSTL,Scan Steels Limited,INE099G01011,511672
AJCON,AJCON GLOBAL SERVICES LTD.,INE759C01027,511692
CHRTEDCA,CHARTERED CAPITAL & INVESTMENT,INE953B01010,511696
STANCAP,STANDARD CAPITAL MARKETS LTD.,INE625D01028,511700
CUBIFIN,CUBICAL FINANCIAL SERVICES LTD,INE717D01023,511710
RELICTEC,RELIC TECHNOLOGIES LTD.,INE452B01013,511712
INVIGO,Invigorated Business Consultin,INE359A01012,511716
VIPULLTD,VIPUL LTD.,INE946H01037,511726
PASUFIN,PASUPATI FINCAP LTD.,INE527C01010,511734
RFL,RUPAREL FOOD PRODUCTS LIMITED,INE239B01014,511740
MANSIFIN,MANSI FINANCE (CHENNAI) LTD.,INE094E01017,511758
AASTAFIN,Aastamangalam Finance Limited,INE819K01014,511764
SOBME,SOBHAGYA MERCHANTILE LTD.,INE754D01018,512014
TTGIL,TOMORROW TECHNOLOGIES GLOBAL I,INE135H01029,512018
ASGARD,ASGARD ALCOBEV LIMITED,INE767M01029,512025
SKYBIOTECH,SKYBIOTECH HEALTHCARE LIMITED,INE393H01016,512036
ROYALIND,ROYAL INDIA CORPORATION LIMITE,INE510H01015,512047
DHANSAFAL,DHANSAFAL FINSERVE LIMITED,INE195E01020,512048
TANDHANIN,TANDHAN INDUSTRIES LIMITED,INE896J01014,512062
VISVEN,VISHVPRABHA VENTURES LIMITED,INE762D01011,512064
MRUTR,MRUGESH TRADING LTD.,INE738D01029,512065
SAICOM,SAIANAND COMMERCIAL LIMITED,INE092G01024,512097
EY,EYANTRA VENTURES LIMITED,INE750G01019,512099
NIDHGRN,NIDHI GRANITES LTD.,INE276H01013,512103
ROSEMER,ROSE MERC.LTD.,INE649C01012,512115
SIGIND,SIGNET INDUSTRIES LIMITED,INE529F01035,512131
CAPRICORN,CAPRICORN SYSTEMS GLOBAL SOLUT,INE968E01012,512169
VAMA,VAMA INDUSTRIES LTD.,INE685D01022,512175
PRISMMEDI,PRISM MEDICO AND PHARMACY LTD.,INE730E01016,512217
VERITAS,VERITAS (INDIA) LTD.,INE379J01029,512229
ASHCAP,ASHIRWAD CAPITAL LTD.,INE894A01026,512247
SVARTCORP,SWASTI VINAYAKA ART AND HERITA,INE895A01023,512257
AUTOINT,AUTORIDERS INTERNATIONAL LTD.,INE340U01010,512277
BHAGYANGR,BHAGYANAGAR INDIA LTD.,INE458B01036,512296
CHMBBRW,CHAMBAL BREWERIES & DISTILLERI,INE417N01011,512301
LEXGLOBAL,LEXORA GLOBAL LIMITED,INE745A01012,512345
SWORDEDGE,SWORD-EDGE COMMERCIALS LIMITED,INE093G01022,512359
CUPIDALBV,CUPID BREWERIES AND DISTILLERI,INE108G01010,512361
MAGANTR,MAGNANIMOUS TRADE & FINANCE LT,INE664N01018,512377
SHARDUL,SHARDUL SECURITIES LTD.,INE037B01020,512393
SERA,SERA INVESTMENTS & FINANCE IND,INE017I01027,512399
NIRAVCOM,NIRAV COMMERCIALS LTD.,INE242B01018,512425
APOLLOFI,APOLLO FINVEST (INDIA) LTD.,INE412D01013,512437
ENBETRD,Enbee Trade &amp; Finance Ltd,INE993I01029,512441
GANONPRO,Ganon Products Limited,INE162L01017,512443
VIRYA,VIRYA RESOURCES LIMITED,INE661K01010,512479
DHANCOT,DHANLAXMI COTEX LTD.,INE977F01010,512485
OASISEC,OASIS SECURITIES LTD.,INE876A01023,512489
GARNETINT,GARNET INTERNATIONAL LTD.,INE590B01010,512493
SHALPRO,SHALIMAR PRODUCTIONS LTD.,INE435E01020,512499
SUPER,SUPER SALES INDIA LTD.,INE091C01017,512527
NEELKANTH,NEELKANTH LIMITED,INE581D01015,512565
ZODJRDMKJ,ZODIAC-JRD-MKJ LTD.,INE077B01018,512587
SITAENT,SITA ENTERPRISES LTD.,INE579D01019,512589
PULSRIN,PULSAR INTERNATIONAL LTD.,INE183U01022,512591
ASTALLTD,ASTAL LABORATORIES LIMITED,INE307N01014,512600
HARIAEXPO,HARIA EXPORTS LTD.,INE772B01014,512604
RLF,RLF LTD.,INE629C01014,512618
REGENTRP,Regent Enterprises Limited,INE769D01016,512624
SAVERA,SAVERA INDUSTRIES LTD.,INE104E01014,512634
CHROME,Chrome Silicon Limited,INE114E01013,513005
REMIEDEL,REMI EDELSTAHL TUBULARS LIMITE,INE158G01015,513043
GSAUTO,G.S.AUTO INTERNATIONAL LTD.,INE736H01024,513059
TRANSFRE,TRANS-FREIGHT CONTAINERS LTD.,INE360D01014,513063
AMFORG,AMFORGE INDUSTRIES LTD.,INE991A01020,513117
STLSTRINF,STEEL STRIPS INFRASTRUCTURES L,INE205F01016,513173
JAYUSH,JAY USHIN LTD.,INE289D01015,513252
IMEC,IMEC SERVICES LIMITED,INE611C01020,513295
MDRNSTL,MODERN STEELS LTD.,INE001F01019,513303
GUJTLRM,GUJARAT TOOLROOM LTD.,INE145J01032,513337
GFSTEELS,GRAND FOUNDRY LTD.,INE534A01028,513343
COCHINM,COCHIN MINERALS & RUTILE LTD.,INE105D01013,513353
INDIAHOMES,India Homes Limited,INE072A01029,513361
KVFORGE,KRISHANVEER FORGE LIMITED,INE013J01016,513369
SMFIL,SMITHS & FOUNDERS (INDIA) LIMI,INE728B01032,513418
BLOIN,BLOOM INDUSTRIES LTD.,INE373E01015,513422
MAITRI,Maitri Enterprises Limited,INE501L01024,513430
SHAHALLOYS,SHAH ALLOYS LTD.,INE640C01011,513436
ELANGO,ELANGO INDUSTRIES LTD.,INE594D01018,513452
KANSHST,KANISHK STEEL INDUSTRIES LTD.,INE791E01018,513456
SIMPLEXCAS,SIMPLEX CASTINGS LTD.,INE658D01029,513472
SSWRL,SHREE STEEL WIRE ROPES LTD.,INE387D01025,513488
SIZEMASTER,SIZEMASTERS TECHNOLOGY LIMITED,INE235U01012,513496
SOUTHMG,SOUTHERN MAGNESIUM & CHEMICALS,INE308N01012,513498
BAROEXT,BARODA EXTRUSION LTD.,INE927K01023,513502
KALYANIFRG,KALYANI FORGE LTD.,INE314G01014,513509
ADITYA,ADITYA ISPAT LTD.,INE570B01012,513513
GLITTEKG,GLITTEK GRANITES LTD.,INE741B01027,513528
MSCTC,MARDIA SAMYOUNG CAPILLARY TUBE,INE277E01026,513544
SHRDAIS,SHARDA ISPAT LTD.,INE385M01012,513548
MAHASTEEL,MAHAMAYA STEEL INDUSTRIES LTD.,INE451L01014,513554
NOVIS,NOVA IRON & STEEL LTD.,INE608C01026,513566
STERPOW,STERLING POWERGENSYS LTD,INE067E01013,513575
TULSYAN,TULSYAN NEC LTD.,INE463D01016,513629
AXELPOLY,AXEL POLYMERS LTD.,INE197C01012,513642
KAJARIR,KIC METALIKS LTD.,INE434C01027,513693
SOLIDSTON,SOLID STONE COMPANY LTD.,INE584G01012,513699
WHITEORG,White Organic Agro Limited,INE146C01019,513713
MFSINTRCRP,MFS INTERCORP LTD.,INE614F01019,513721
RUDRAECO,RUDRA ECOVATION LIMITED,INE723D01021,514010
RAJKSYN,RAJKAMAL SYNTHETICS LTD.,INE376L01013,514028
DEEPAKSP,DEEPAK SPINNERS LTD.,INE272C01013,514030
NEWTRAC,NEWTRAC FOODS & BEVERAGES LIMI,INE229N01010,514060
ADINATH,ADINATH TEXTILES LTD.,INE207C01019,514113
INDIANACRY,INDIAN ACRYLICS LTD.,INE862B01013,514165
CEETAIN,CEETA INDUSTRIES LTD.,INE760J01012,514171
IMPERA,IMPERA WORLDWIDE LIMITED,INE351D01013,514177
STCORP,S&T CORPORATION LTD.,INE110Q01023,514197
RAMGOPOLY,RAMGOPAL POLYTEX LTD.,INE410D01017,514223
MKVENTURES,MKVENTURES CAPITAL LIMITED,INE874A01010,514238
KUSHIND,Kush Industries Limited,INE979D01011,514240
SURBHIN,SURBHI INDUSTRIES LTD.,INE899E01019,514260
SEASONST,SEASONS TEXTILES LTD.,INE707B01010,514264
ZENIFIB,ZENITH FIBRES LTD.,INE106C01013,514266
BHILSPIN,BHILWARA SPINNERS LTD.,INE436C01014,514272
SANTETX,SANRHEA TECHNICAL TEXTILES LTD,INE589J01015,514280
VIPPYSP,VIPPY SPINPRO LTD.,INE660D01017,514302
JAIHIND,JAIHIND INDUSTRIES LIMITED,INE156E01014,514312
RAGHUSYN,RAGHUVIR SYNTHETICS LTD.,INE969C01022,514316
JATTAINDUS,JATTASHANKAR INDUSTIES LTD.,INE722N01014,514318
KAMADGIRI,KAMADGIRI FASHION LTD.,INE535C01013,514322
OMNITEX,OMNITEX INDUSTRIES (INDIA) LTD,INE814D01010,514324
PATSPINLTD,PATSPIN INDIA LTD.,INE790C01014,514326
NEOINFRA,NEO INFRACON LTD.,INE216I01017,514332
CCME,CCME GLOBAL LIMITED,INE194N01016,514336
EVERFIN,EVERLON FINANCIALS LIMITED,INE339D01034,514358
KRRAIL,K&R RAIL ENGINEERING LIMITED,INE078T01026,514360
YARNSYN,YARN SYNDICATE LTD.,INE564C01013,514378
GUJCOTEX,GUJARAT COTEX LTD.,INE004C01028,514386
GARWSYN,GARWARE SYNTHETICS LTD.,INE340D01016,514400
ECOHOTELS,ECO HOTELS AND RESORTS LIMITED,INE638N01012,514402
OXFORDIN,OXFORD INDUSTRIES LTD.,INE114D01015,514414
BPAGRI,Blue Pearl Agriventures Limite,INE439N01031,514440
SRIKPRIND,SRI KPR INDUSTRIES LTD.,INE009C01019,514442
SOUTLAT,SOUTHERN LATEX LTD.,INE410M01018,514454
WINSOMTX,WINSOME TEXTILE INDUSTRIES LTD,INE837B01031,514470
MODINSU,MODERN INSULATORS LTD.,INE219W01012,515008
MADHUDIN,MADHUSUDAN INDUSTRIES LTD.,INE469C01023,515059
RESTILE,RESTILE CERAMICS LTD.,INE298E01022,515085
DUROPLY,DUROPLY INDUSTRIES LIMITED,INE932D01010,516003
AGIOPAPER,AGIO PAPER & INDUSTRIES LTD.,INE112C01011,516020
TAHMARENT,TAHMAR ENTERPRISES LIMITED,INE385D01029,516032
KSSMART,KS Smart Technologies Limited,INE737E01011,516038
JUMBO,JUMBO BAG LTD.,INE699D01015,516078
SANPA,SANGAL PAPERS LTD.,INE384D01022,516096
VENTURA,VENTURA TEXTILES LTD.,INE810C01044,516098
SHKARTP,SHREE KARTHIK PAPERS LTD.,INE538D01015,516106
STHINPA,SOUTH INDIA PAPER MILLS LTD.,INE088G01014,516108
FAMILYCARE,FAMILY CARE HOSPITALS LIMITED,INE146N01016,516110
JETKINGQ,JETKING INFOTRAIN LTD.,INE919C01019,517063
INDAGIV,IND-AGIV COMMERCE LTD.,INE115E01010,517077
APLAB,APLAB LTD.,INE273A01015,517096
PCS,PCS TECHNOLOGY LTD.,INE834B01012,517119
EDVENSWA,Edvenswa Enterprises Limited,INE125G01014,517170
PERVASIVE,Pervasive Commodities Limited,INE443P01038,517172
SWITCHTE,SWITCHING TECHNOLOGIES GUNTHER,INE311D01017,517201
AURIQUE,AURIQUE LIMITED,INE766A01026,517230
CALCOM,CALCOM VISION LTD.,INE216C01010,517236
DYNAVSN,DYNAVISION LTD.,INE083E01010,517238
BCCFUBA,BCC FUBA INDIA LTD.,INE788D01016,517246
PRECISIO,PRECISION ELECTRONICS LTD.,INE143C01024,517258
FINELINE,FINE-LINE CIRCUITS LTD.,INE087E01011,517264
RNITAI,RNIT AI SOLUTIONS LIMITED,INE335Q01026,517286
GUJARATPOLY,Gujarat Poly Electronics Limit,INE541F01022,517288
MAGNUS,MAGNUS STEEL AND INFRA LIMITED,INE898E01011,517320
ACIIN,ACI INFOCOM LTD.,INE167B01025,517356
SBECSYS,SBEC SYSTEMS (INDIA) LTD.,INE689V01018,517360
INCAP,INCAP LTD.,INE437C01012,517370
GUJINTRX,GUJARAT INTRUX LTD.,INE877E01015,517372
PANELEC,PAN ELECTRONICS INDIA LTD.,INE648E01010,517397
VXLINSTR,VXL INSTRUMENTS LTD.,INE756A01019,517399
LEENEE,LEE & NEE SOFTWARES (EXPORTS),INE791B01014,517415
PATELSAI,PATELS AIRTEMP (INDIA) LTD.,INE082C01024,517417
ATHENAGLO,Athena Global Technologies Lim,INE576B01019,517429
NARMP,NARMADA MACPLAST DRIP IRRIGATI,INE060D01028,517431
DUTRON,DUTRON POLYMERS LTD.,INE940C01015,517437
MAGNAELQ,MAGNA ELECTRO CASTINGS LTD.,INE437D01010,517449
ELNET,ELNET TECHNOLOGIES LTD.,INE033C01019,517477
ACCEL,ACCEL LIMITED,INE258C01038,517494
DHINDIA,D&H INDIA LTD,INE589D01018,517514
ALFATRAN,ALFA TRANSFORMERS LTD.,INE209C01015,517546
NHCFOODS,NHC FOODS LTD.,INE141C01036,517554
KEERTHI,KEERTHI INDUSTRIES LTD.,INE145L01012,518011
SRICC,Sri Chakra Cement Limited,INE827D01020,518053
SURAJ,SURAJ PRODUCTS LTD.,INE069E01019,518075
PRSNTIN,PRASHANT INDIA LTD.,INE100E01012,519014
SHAHFOOD,SHAH FOODS LTD.,INE455D01012,519031
RITESHIN,RITESH INTERNATIONAL LTD.,INE534D01014,519097
WILLIMFI,WILLIAMSON FINANCIAL SERVICES,INE188E01017,519214
AJANTSOY,AJANTA SOYA LTD.,INE601B01023,519216
KISAAN,KISAAN PARIVAR INDUSTRIES LIMI,INE102C01020,519230
FRESITA,FRESITA PROTEINS LIMITED,INE995U01011,519242
PRIMAGR,PRIMA AGRO LTD.,INE297D01018,519262
MADHURIND,MADHUR INDUSTRIES LTD.,INE110C01015,519279
MODAIRY,MODERN DAIRIES LTD.,INE617B01011,519287
BAMBINO,BAMBINO AGRO INDUSTRIES LTD.,INE921D01013,519295
PRIMIND,PRIME INDUSTRIES LTD.,INE543F01028,519299
VSFPROJ,VSF PROJECTS LTD.,INE923K01014,519331
POONADAL,POONA DAL & OIL INDUSTRIES LTD,INE809E01018,519359
VIRATCRA,VIRAT CRANE INDUSTRIES LTD.,INE295C01014,519457
IBINFO,IB INFOTECH ENTERPRISES LTD.,INE678B01039,519463
AMBARPIL,Ambar Protein Industries Limit,INE072V01017,519471
CHORDIA,CHORDIA FOOD PRODUCTS LTD.,INE975C01011,519475
CIANAGRO,CIAN Agro Ind & Infra Ltd,INE052V01019,519477
OMEAG,OMEGA AG-SEEDS (PUNJAB) LTD.,INE112B01013,519479
TAIIND,TAI INDUSTRIES LTD.,INE358D01018,519483
BKV,BKV INDUSTRIES LTD.,INE356C01022,519500
SIMRAN,SIMRAN FARMS LTD.,INE354D01017,519566
HINDUST,HINDUSTAN AGRIGENETICS LTD.,INE092301014,519574
SURFI,SURYO FOODS & INDUSTRIES LTD.,INE565E01016,519604
INTEGFD,INTEGRATED PROTEINS LTD.,INE177M01021,519606
LAKESHORE,LAKE SHORE REALTY LIMITED,INE734D01010,519612
SAMKRG,SAMKRG PISTONS & RINGS LTD.,INE706B01012,520075
SICALLOG,SICAL LOGISTICS LTD.,INE075B01020,520086
ARCEEIN,ARCEE INDUSTRIES LTD.,INE276D01012,520121
ABCINDQ,ABC INDIA LTD.,INE125D01011,520123
BALTE,BALURGHAT TECHNOLOGIES LTD.,INE654B01014,520127
SIBARAUT,SIBAR AUTO PARTS LTD.,INE441C01014,520141
TRANSWORLD,TRANSWORLD SHIPPING LINES LIMI,INE757B01015,520151
STARLOG,Starlog Enterprises Limited,INE580C01019,520155
TITANIN,TITAN INTECH LIMITED,INE807M01031,521005
SOURCEIND,SOURCE INDUSTRIES (INDIA) LTD.,INE695C01015,521036
ADVLIFE,ADVANCE LIFESTYLES LTD.,INE900E01015,521048
KAKTEX,KAKATIYA TEXTILES LTD.,INE092E01011,521054
OCTAVE,PERFECT-OCTAVE MEDIA PROJECTS,INE814L01013,521062
PASARI,PASARI SPINNING MILLS LTD.,INE604F01010,521080
OLYMPTX,OLYMPIA INDUSTRIES LTD.,INE482O01021,521105
SUDTIND-B,SUDITI INDUSTRIES LTD.,INE691D01012,521113
EUREKAI,EUREKA INDUSTRIES LTD.,INE958A01011,521137
ADITYASP,ADITYA SPINNERS LTD.,INE122D01026,521141
PRIMEURB,PRIME URBAN DEVELOPMENT INDIA,INE419E01024,521149
MAXGROW,MAXGROW INDIA LIMITED,INE485D01043,521167
SRMCL,SRI RAMAKRISHNA MILLS (COIMBAT,INE306D01017,521178
SUPERSPIN,SUPER SPINNING MILLS LTD.,INE662A01027,521180
SAMTEX,SAMTEX FASHIONS LTD.,INE931D01020,521206
CITYMAN,CITYMAN LTD.,INE117C01010,521210
DHANROTO,DHANALAXMI ROTO SPINNERS LTD.,INE220C01012,521216
DAMODARIND,DAMODAR INDUSTRIES LTD.,INE497D01022,521220
SANBLUE,SANBLUE CORPORATION LTD.,INE602D01027,521222
UNIROYAL,UNIROYAL INDUSTRIES LTD.,INE980D01019,521226
TATIAGLOB,TATIA GLOBAL VENNTURE LTD.,INE083G01031,521228
BGDL,BHARAT GLOBAL DEVELOPERS LIMIT,INE893C01032,521238
MKPMOB,MKP Mobility Limited,INE676G01024,521244
CRANEX,CRANEX LTD.,INE608B01010,522001
FLUIDOM,FLUIDOMAT LTD.,INE459C01016,522017
EMAINDIA,EMA INDIA LTD.,INE279D01016,522027
HITECHGEAR,The Hi-Tech Gears Ltd,INE127B01011,522073
UVDRHOR,UNITED VAN DER HORST LTD.,INE890G01047,522091
BIRLAPREC,BIRLA PRECISION TECHNOLOGIES L,INE372E01025,522105
ARTSON,ARTSON LIMITED,INE133D01023,522134
ADTYFRG,ADITYA FORGE LTD.,INE281H01013,522150
SOLIMAC,SOLITAIRE MACHINE TOOLS LTD.,INE410A01013,522152
DIACABS,DIAMOND POWER INFRASTRUCTURE L,INE989C01038,522163
INDSILHYD,INDSIL HYDRO POWER AND MANGANE,INE867D01018,522165
RASANDIK,RASANDIK ENGINEERING INDUSTRIE,INE682D01011,522207
YOGISUNG,YOGI SUNG-WON (INDIA) LTD.,INE429B01011,522209
CONART,CONART ENGINEERS LTD.,INE714D01020,522231
MINALIND,MINAL INDUSTRIES LIMITED,INE097E01028,522235
SHIVAGR,SHIVAGRICO IMPLEMENTS LTD.,INE092H01014,522237
CENLUB,CENLUB INDUSTRIES LTD.,INE627F01011,522251
VJLAXMIE,VEEJAY LAKSHMI ENGINEERING WOR,INE466D01019,522267
AHMDSTE,AHMEDABAD STEELCRAFT LTD.,INE868C01018,522273
NMSGLOBAL,NMS GLOBAL LIMITED,INE169F01014,522289
CANDOUR,CANDOUR TECHTEX LIMITED,INE713D01055,522292
TIGLOB,T & I GLOBAL LTD.,INE811B01010,522294
BEMHY,BEMCO HYDRAULICS LTD.,INE142E01022,522650
BNRSEC,B.N.RATHI SECURITIES LTD.,INE710D01028,523019
RISHITECH,RISHI TECHTEX LTD.,INE989D01010,523021
COSMOFE,COSMO FERRITES LTD.,INE124B01018,523100
CROPSTER,CROPSTER AGRO LIMITED,INE293E01031,523105
SANCTRN,SANCO TRANS LTD.,INE391G01012,523116
THRIVE,THRIVE FUTURE HABITATS LIMITED,INE628D01014,523120
MEDICAPQ,MEDI-CAPS LTD.,INE442D01010,523144
FOSECOC,FOSECO CRUCIBLE INDIA LIMITED,INE599F01020,523160
BAPACK,B&A PACKAGING INDIA LIMITED,INE00FM01013,523186
ABAN,ABAN OFFSHORE LTD.,INE421A01028,523204
SRMENERGY,SRM ENERGY LTD.,INE173J01018,523222
CONTPTR,CONTINENTAL PETROLEUMS LTD.,INE369D01023,523232
MACPLASQ,MACHINO PLASTICS LTD.,INE082B01018,523248
GVFILM,GV FILMS LTD.,INE395B01048,523277
RAMAVISION,RAMA VISION LTD.,INE763B01013,523289
SHRIGANG,SHRI GANG INDUSTRIES AND ALLIE,INE241V01018,523309
MINID,MINI DIAMONDS (INDIA) LTD.,INE281E01028,523373
HOM,HOMRE LIMITED,INE982C01033,523387
ADCINDIA,ADC INDIA COMMUNICATIONS LIMIT,INE833A01016,523411
TNTELE,TAMILNADU TELECOMMUNICATIONS L,INE141D01018,523419
INDBNK,IND BANK HOUSING LTD.,INE969D01012,523465
JAIMATAG,JAI MATA GLASS LTD.,INE250C01027,523467
CMMHOSP,CHENNAI MEENAKSHI MULTISPECIAL,INE889F01017,523489
UNIOFFICE,UNIVERSAL OFFICE AUTOMATION LT,INE951C01012,523519
APMIN,APM INDUSTRIES LTD.,INE170D01025,523537
KRYPTONQ,KRYPTON INDUSTRIES LTD.,INE951B01014,523550
SWISSMLTRY,SWISS MILITARY CONSUMER GOODS,INE010C01025,523558
MARBU,MARTIN BURN LTD.,INE199D01016,523566
INDTONER,INDIAN TONERS & DEVELOPERS LTD,INE826B01026,523586
KUNSTOFF,KUNSTSTOFFE INDUSTRIES LTD.,INE638D01021,523594
PHRMASI,PHAARMASIA LTD.,INE486I01016,523620
YASHINNO,YASH INNOVENTURES LIMITED,INE823D01011,523650
FLEXFO,FLEX FOODS LTD.,INE954B01018,523672
GOLKUNDIA,GOLKUNDA DIAMONDS & JEWELLERY,INE798D01015,523676
FORTISMLR,FORTIS MALAR HOSPITALS LIMITED,INE842B01015,523696
SVAMSOF,SVAM SOFTWARE LTD.,INE119B01018,523722
ECOBOAR,ECOBOARD INDUSTRIES LTD.,INE866A01016,523732
TIHIL,TRANS INDIA HOUSE IMPEX LIMITE,INE502D01011,523752
MITSHI,Mitshi India Limited,INE844D01017,523782
MAZDA,MAZDA LTD.,INE885E01042,523792
VHLTD,VICEROY HOTELS LTD.,INE048C01025,523796
SOVERDIA,SOVEREIGN DIAMONDS LTD.,INE959D01013,523826
MUKATPIP,MUKAT PIPES LTD.,INE862C01029,523832
INNOVTEC,INNOVATIVE TECH PACK LTD.,INE965C01038,523840
SUPTANERY,SUPER TANNERY LIMITED,INE460D01038,523842
CONSTRONIC,CONSTRONICS INFRA LIMITED,INE537B01011,523844
EASTINDIA,East India Drums and Barrels M,INE191C01023,523874
MEGAMONT,MEGAMONT LIMITED,INE317D01014,523888
VENLONENT,VENLON ENTERPRISES LTD.,INE204D01022,524038
PANIDPR,PANTHER INDUSTRIAL PRODUCTS LT,INE181D01014,524055
HARLETH,HARYANA LEATHER CHEMICALS LTD.,INE681F01018,524080
KABRAEXTRU,KABRA EXTRUSIONTECHNIK LTD.,INE900B01029,524109
PCCOSMA,PEE CEE COSMA SOPE LTD.,INE417E01010,524136
TCMLMTD,TCM LTD.,INE034F01010,524156
KESARPE,KESAR PETROPRODUCTS LTD.,INE133C01033,524174
LACTOSE,LACTOSE (INDIA) LTD.,INE058I01013,524202
TEEAI,TEESTA AGRO INDUSTRIES LTD.,INE757D01011,524204
RESONANCE,RESONANCE SPECIALTIES LTD.,INE486D01017,524218
GUJINJEC,GUJARAT INJECT (KERALA) LTD.,INE659F01022,524238
AIMCOPEST,AIMCO PESTICIDES LTD.,INE008B01013,524288
GUJTERC,GUJARAT TERCE LABORATORIES LTD,INE499G01013,524314
KABRADG,KABRA DRUGS LTD.,INE323K01017,524322
SEYAIND,SEYA INDUSTRIES LTD.,INE573R01012,524324
SHHARICH,SHREE HARI CHEMICALS EXPORT LT,INE065E01017,524336
BODALCHEM,BODAL CHEMICALS LTD.,INE338D01028,524370
ISHITADR,ISHITA DRUGS & INDUSTRIES LTD.,INE806D01016,524400
UNIVSTAR,UNIVERSAL STARCH-CHEM ALLIED L,INE113E01015,524408
NORRIS,NORRIS MEDICINES LTD.,INE744C01029,524414
ASINPET,ASIAN PETROPRODUCTS & EXPORTS,INE810M01019,524434
CAMEXLTD,CAMEX LTD.,INE198C01010,524440
EVEXIA,EVEXIA LIFECARE LIMITED,INE313M01030,524444
INDOEURO,INDO EURO INDCHEM LTD.,INE319N01019,524458
RIDDHI,RIDDHI SIDDHI GLUCO BIOLS LTD.,INE249D01019,524480
SVCIND,SVC INDUSTRIES LIMITED,INE038B01010,524488
RAAJMEDI,RAAJ MEDISAFE INDIA LTD.,INE548H01015,524502
CORALAB,CORAL LABORATORIES LTD.,INE683E01017,524506
BACPHAR,BACIL PHARMA LTD.,INE711D01018,524516
LAFFANSQ,LAFFANS PETROCHEMICALS LTD.,INE919B01011,524522
BHASKAGR,BHASKAR AGROCHEMICALS LTD.,INE972C01018,524534
SHARMEH,SHARMA EAST INDIA HOSPITALS &,INE465H01012,524548
GAYATRIBI,GAYATRI BIOORGANICS LTD.,INE052E01015,524564
PHARMAID,PHARMAIDS PHARMACEUTICALS LTD.,INE117D01018,524572
VIVIDIND,VIVID GLOBAL INDUSTRIES LTD.,INE737C01023,524576
TIRUSTA,TIRUPATI STARCH & CHEMICALS LT,INE314D01011,524582
JAYSYNTH,JAYSYNTH ORGOCHEM LIMITED,INE263B01022,524592
AEONXDIGI,Aeonx Digital Technology Limit,INE994D01010,524594
AKSHARCHEM,AKSHARCHEM (INDIA) LTD.,INE542B01011,524598
BANDARAM,BANDARAM PHARMA PACKTECH LIMIT,INE875N01036,524602
BERLDRG,BERYL DRUGS LTD.,INE415H01017,524606
INDXTRA,IEL LIMITED,INE056E01024,524614
ISTRNETWK,ISTREET NETWORK LIMITED,INE532B01020,524622
GAGAN,GAGAN GASES LTD.,INE076D01016,524624
PARKERAC,PARKER AGROCHEM EXPORTS LTD.,INE750B01010,524628
OXYGENTAPH,OXYGENTA PHARMACEUTICAL LIMITE,INE102E01018,524636
ARCHITORG,ARCHIT ORGANOSYS LTD.,INE078I01011,524640
NATCAPSUQ,NATURAL CAPSULES LTD.,INE936B01015,524654
WELCURE,WELCURE DRUGS & PHARMACEUTICAL,INE331C01025,524661
BIBCL,BHARAT IMMUNOLOGICALS & BIOLOG,INE994B01014,524663
KABSON,KABSONS INDUSTRIES LTD.,INE645C01010,524675
BASANTGL,BASANT AGRO TECH (INDIA) LTD.,INE473E01021,524687
SANDUPHQ,SANDU PHARMACEUTICALS LTD.,INE751D01014,524703
VISTAPH,VISTA PHARMACEUTICALS LTD.,INE427C01021,524711
TITANBIO,TITAN BIOTECH LTD.,INE150C01029,524717
ARVAYA,Arvaya Healthcare Limited,INE491D01017,524723
SDL,Span Divergent Limited,INE004E01016,524727
LINKPH,LINK PHARMA CHEM LTD.,INE302F01011,524748
DECIPHER,DECIPHER LABS LIMITED,INE643N01012,524752
EMMESSA,EMMESSAR BIOTECH & NUTRITION L,INE634B01016,524768
EVERESTO,EVEREST ORGANICS LTD.,INE334C01029,524790
PHYTO,PHYTO CHEM (INDIA) LTD.,INE037C01010,524808
DYNAMIND,DYNAMIC INDUSTRIES LTD.,INE457C01010,524818
BALPHARMA,BAL PHARMA LTD.,INE083D01012,524824
BDH,BDH INDUSTRIES LTD.,INE278D01018,524828
JAUSPOL,JAUSS POLYMERS LTD.,INE593O01017,526001
GLOBUSCON,GLOBUS CONSTRUCTORS & DEVELOPE,INE064L01015,526025
CUBEXTUB,CUBEX TUBINGS LTD.,INE144D01012,526027
POLYCHMP,POLYMECHPLAST MACHINES LTD.,INE809B01014,526043
STELLANT,STELLANT SECURITIES (INDIA) LT,INE395F01023,526071
GALXBRG,GALAXY BEARINGS LTD.,INE020S01012,526073
VINRKLB,REKVINA LABORATORIES LTD.,INE092O01028,526075
SCAGRO,SC Agrotech Limited,INE895E01017,526081
RALEGRA,RAVILEELA GRANITES LTD.,INE427E01027,526095
UNRYLMA,UNIROYAL MARINE EXPORTS LTD.,INE602H01010,526113
SUPERTEX,SUPERTEX INDUSTRIES LTD.,INE881B01054,526133
SHETR,SHETRON LTD.,INE278C01010,526137
TRABI,TRANSGENE BIOTEK LTD.,INE773D01018,526139
MPL,MPL PLASTICS LTD.,INE343A01016,526143
NIKHILAD,NIKHIL ADHESIVES LTD.,INE926C01022,526159
SPENTA,SPENTA INTERNATIONAL LTD.,INE175C01018,526161
MULTIBASE,MULTIBASE INDIA LTD.,INE678F01014,526169
LUDLOWJUT,LUDLOW JUTE & SPECIALITIES LTD,INE983C01015,526179
ASHRAM,ASHRAM ONLINE.COM LTD.,INE293C01019,526187
ROYALCU,ROYAL CUSHION VINYL PRODUCTS L,INE618A01011,526193
SURJIND,SURAJ INDUSTRIES LTD.,INE170U01011,526211
HITECHCORP,Hitech Corporation Limited,INE120D01012,526217
STDSFAC,STANDARD SURFACTANTS LTD.,INE307D01015,526231
MORGAN,MORGAN VENTURES LTD.,INE902C01015,526237
AMRAPLIN,AMRAPALI INDUSTRIES LTD.,INE762C01021,526241
MIDEASTP,MID EAST PORTFOLIO MANAGEMENT,INE033E01015,526251
MOLDTECH,MOLD-TEK TECHNOLOGIES LTD.,INE835B01035,526263
CRSTCHM,CRESTCHEM LTD.,INE293N01016,526269
DIVSHKT,DIVYASHAKTI LIMITED,INE410G01010,526315
ORIENTLTD,ORIENT PRESS LTD.,INE609C01024,526325
ADVMULT,ADVANCE MULTITECH LTD.,INE875S01019,526331
SHREYASI,SHREYAS INTERMEDIATES LTD.,INE115F01017,526335
PANJON,PANJON LTD.,INE744D01019,526345
DUROPACK,DUROPACK LTD.,INE138B01018,526355
CINDHO,CINDRELLA HOTELS LTD.,INE908C01012,526373
ALPHAGEO,ALPHAGEO (INDIA) LTD.,INE137C01018,526397
KKALPANAIND,KKALPANA INDUSTRIES (INDIA) LT,INE301C01028,526409
OKPLA,OK PLAY INDIA LTD.,INE870B01024,526415
ASMTEC,ASM TECHNOLOGIES LTD.,INE867C01010,526433
PERFEPA,PERFECTPAC LTD.,INE759I01024,526435
AMBIT,AMBITIOUS PLASTOMAC COMPANY LT,INE267C01013,526439
VISIONCINE,VISION CINEMAS LTD.,INE515B01025,526441
AEIM,Artificial Electronics Intelli,INE072B01027,526443
INDRANIB,INDRAYANI BIOTECH LTD.,INE007C01021,526445
EUROLED,EURO LEDER FASHION LTD.,INE940E01011,526468
WINSOMBR,WINSOME BREWERIES LTD.,INE391C01011,526471
ELEFLOR,ELEGANT FLORICULTURE & AGROTEC,INE152E01013,526473
SKYIND,SKY INDUSTRIES LTD.,INE765B01018,526479
BHUDEVI,BHUDEVI INFRA PROJECTS LIMITED,INE432N01010,526488
PRATIK,PRATIK PANELS LTD.,INE206C01029,526490
RISHIROOP,Rishiroop Limited,INE582D01013,526492
PROMACT,Promact Plastics Limited,INE818D01011,526494
STRGRENWO,STERLING GREEN WOODS LTD.,INE398F01019,526500
SYSTMTXC,SYSTEMATIX CORPORATE SERVICES,INE356B01024,526506
SHAHISHIP,Shahi Shipping Limited,INE825D01016,526508
ALPINEHOU,ALPINE HOUSING DEVELOPMENT COR,INE840D01015,526519
IIRM,IIRM HOLDINGS INDIA LIMITED,INE670C01026,526530
SFPIL,SQUARE FOUR PROJECTS INDIA LIM,INE716K01020,526532
CHOKSILA,CHOKSI LABORATORIES LTD.,INE493D01013,526546
SALGUTI,SALGUTI INDUSTRIES LTD.,INE159C01012,526554
REMAGNET,MIDWEST ENERGY LIMITED,INE519N01022,526570
PHOTOQUP,PHOTOQUIP INDIA LTD.,INE813B01016,526588
LIPPISYS,LIPPI SYSTEMS LTD.,INE845B01018,526604
EXPOEAPL,EXPO ENGINEERING AND PROJECTS,INE561D01025,526614
NATPLAS,NATIONAL PLASTIC INDUSTRIES LT,INE233D01013,526616
MFLINDIA,MFL INDIA LTD.,INE244C01020,526622
TEXELIN,TEXEL INDUSTRIES LTD.,INE594V01028,526638
RAYALEMA,ROYALE MANOR HOTELS & INDUSTRI,INE008C01011,526640
TIRTPLS,TIRTH PLASTIC LTD.,INE008N01018,526675
ECOPLAST,ECOPLAST LTD.,INE423D01010,526703
ELEMARB,ELEGANT MARBLES & GRANI INDUST,INE095B01010,526705
BITS,BITS LTD.,INE839A01021,526709
ADARSHPL,ADARSH PLANT PROTECT LTD.,INE627D01016,526711
HPBL,HCP PLASTENE BULKPACK LIMITED,INE136C01044,526717
GARNET,GARNET CONSTRUCTION LTD.,INE797D01017,526727
SHAWGELTIN,NARMADA GELATINES LTD.,INE869A01010,526739
PGFOILQ,PG FOILS LTD.,INE078D01012,526747
VELHO,VELAN HOTELS LTD.,INE548D01014,526755
HOWARHO,HOWARD HOTELS LTD.,INE931B01016,526761
VALIANT,VALIANT COMMUNICATIONS LTD.,INE760B01019,526775
RAGHUNAT,RAGHUNATH INTERNATIONAL LTD.,INE753B01014,526813
DAICHI,DAI-ICHI KARKARIA LTD.,INE928C01010,526821
SPICEISLIN,SPICE ISLANDS INDUSTRIES LIMIT,INE882D01025,526827
SIPL,SHELTER INFRA PROJECTS LTD.,INE413C01013,526839
SHAKTIPR,SHAKTI PRESS LTD.,INE794C01016,526841
ASHSI,ASHIRWAD STEELS & INDUSTRIES L,INE338C01012,526847
AREXMIS,AREX INDUSTRIES LTD.,INE480H01011,526851
BI,BILCARE LTD.,INE986A01012,526853
ISFL,ISF LIMITED,INE973B01026,526859
RISHILASE,RISHI LASER LTD.,INE988D01012,526861
JAINCO,JAINCO PROJECTS (INDIA) LTD.,INE966C01010,526865
INTECCAP,INTEC CAPITAL LTD.,INE017E01018,526871
RAJSEC,RAJASTHAN SECURITIES LIMITED,INE184D01026,526873
SIDDHEGA,SIDDHESWARI GARMENTS LTD.,INE797C01019,526877
HFIL,HIMALAYA FOOD INTERNATIONAL LI,INE552B01010,526899
SONALAD,SONAL ADHESIVES LTD.,INE344I01017,526901
PADMAIND,Padmanabh Industries Ltd,INE743D01011,526905
KALIND,Kalind Limited,INE377D01026,526935
VENUSREM,VENUS REMEDIES LTD.,INE411B01019,526953
WOODSVILA,WOODSVILLA LTD.,INE374J01020,526959
LASTMILE,LAST MILE ENTERPRISES LIMITED,INE404B01022,526961
GUJCRAFT,GUJARAT CRAFT INDUSTRIES LTD.,INE372D01019,526965
HEERAISP,HEERA ISPAT LTD.,INE025D01013,526967
DHOOTIN,DHOOT INDUSTRIAL FINANCE LTD.,INE313G01016,526971
SHREEPAC,SHREE PACETRONIX LTD.,INE847D01010,527005
SAMYAKINT,SAMYAK INTERNATIONAL LTD.,INE607G01011,530025
AADIIND,AADI INDUSTRIES LTD.,INE563D01013,530027
SPARKLEGR,SPARKLE GOLD ROCK LIMITED,INE618F01010,530037
ACKNIT,ACKNIT INDUSTRIES LTD.,INE326C01017,530043
TITANSEC,TITAN SECURITIES LTD.,INE090D01017,530045
REALECO,REAL ECO-ENERGY LIMITED,INE055E01034,530053
VIVANZA,Vivanza Biosciences Limited,INE984E01035,530057
YASHRAJC,YASHRAJ CONTAINEURS LTD.,INE095C01018,530063
PURETROP,PURETROP FRUITS LIMITED,INE795D01011,530077
ANUPAM,ANUPAM FINSERV LIMITED,INE069B01023,530109
RAJPACK,RAJ PACKAGING INDUSTRIES LTD.,INE639C01013,530111
NATRAJPR,NATRAJ PROTEINS LTD.,INE444D01016,530119
SAMRATPH,SAMRAT PHARMACHEM LTD.,INE103E01016,530125
NPRFIN,NPR FINANCE LTD.,INE446D01011,530127
AMCOIND,AMCO INDIA LTD.,INE924B01011,530133
KREONFIN,KREON FINNANCIAL SERVICES LTD.,INE302C01018,530139
GYANDEV,GYAN DEVELOPERS & BUILDERS LTD,INE487G01018,530141
KISAN,KISAN MOULDINGS LTD.,INE017C01012,530145
KERALAYUR,KERALA AYURVEDA LTD.,INE817B01025,530163
MONGIPA,MOONGIPA CAPITAL FINANCE LTD.,INE153K01018,530167
MOHITPPR,MOHIT PAPER MILLS LTD.,INE388C01017,530169
DAULAT,DAULAT SECURITIES LTD.,INE108C01019,530171
ODYSSEY,ODYSSEY TECHNOLOGIES LTD.,INE213B01019,530175
VKGLOBAL,VK Global Industries Limited,INE758B01013,530177
RSCINT,RSC INTERNATIONAL LTD.,INE015F01019,530179
SURATRAML,Surat Trade and Mercantile Lim,INE936A01025,530185
ATHARVENT,ATHARV ENTERPRISES LTD.,INE354E01031,530187
KALLAM,KALLAM TEXTILES LTD,INE629F01025,530201
BRAWN,BRAWN BIOTECH LTD.,INE899B01015,530207
FORINTL,FORTUNE INTERNATIONAL LTD.,INE501D01013,530213
KINGSINFR,KINGS INFRA VENTURES LIMITED,INE050N01010,530215
SWOJAS,SWOJAS FOODS LIMITED,INE295B01016,530217
AUROLAB,AURO LABORATORIES LTD.,INE292C01011,530233
BRIDGESE,BRIDGE SECURITIES LTD.,INE958C01025,530249
RISAINTL,RISA INTERNATIONAL LTD.,INE001O01029,530251
RAJTUBE,RAJASTHAN TUBE MANUFACTURING C,INE497E01020,530253
KAYPOWR,KAY POWER AND PAPER LTD.,INE961B01013,530255
INTSTOIL,INTER STATE OIL CARRIER LTD.,INE003B01014,530259
GLOBALCA,GLOBAL CAPITAL MARKETS LTD.,INE062C01042,530263
SAINIK,SAINIK FINANCE & INDUSTRIES LT,INE584B01013,530265
ARIGATO,ARIGATO UNIVERSE LIMITED,INE021N01011,530267
RICHUNV,RICH UNIVERSE NETWORK LTD.,INE652D01014,530271
QUANTDIA,QUANTUM DIGITAL VISION (INDIA),INE373C01019,530281
SPCAPIT,SP CAPITAL FINANCING LTD.,INE102F01015,530289
CHANDRAP,CHANDRA PRABHU INTERNATIONAL L,INE368D01025,530309
KIMIABL,KIMIA BIOSCIENCES LIMITED,INE285U01025,530313
HINDTIN,HINDUSTAN TIN WORKS LTD.,INE428D01019,530315
GODAVARI,GODAVARI DRUGS LTD.,INE362C01012,530317
KBSINDIA,KBS INDIA LIMITED,INE883D01023,530357
PRABHHANS,PRABHHANS INDUSTRIES LIMITED,INE428P01013,530361
UGARSUGAR,UGAR SUGAR WORKS LTD.,INE071E01023,530363
VAMSHIRU,VAMSHI RUBBER LTD.,INE380C01014,530369
DBSTOCKBRO,DB (INTERNATIONAL) STOCK BROKE,INE921B01025,530393
VINYOFL,VINYOFLEX LTD.,INE526H01011,530401
JINDCAP,JINDAL CAPITAL LTD.,INE356F01017,530405
EPIC,EPIC ENERGY LTD.,INE932F01015,530407
KUWERIN,KUWER INDUSTRIES LTD.,INE430F01010,530421
CHOKSI,CHOKSI ASIA LIMITED,INE865B01016,530427
ASHISHPO,ASHISH POLYPLAST LTD.,INE831C01016,530429
SIDDHA,SIDDHA VENTURES LTD.,INE140C01012,530439
KIRANSY-B,KIRAN SYNTEX LTD.,INE293D01017,530443
SUMERUIND,SUMERU INDUSTRIES LTD.,INE764B01029,530445
RUNGTAIR,RUNGTA IRRIGATION LTD.,INE347C01013,530449
GTTDATA,GTT DATA SOLUTIONS LIMITED,INE959B01017,530457
VALSONQ,VALSON INDUSTRIES LTD.,INE808A01018,530459
SABOOSOD,SABOO SODIUM CHLORO LTD.,INE440C01016,530461
VIKRAMTH,VIKRAM THERMO (INDIA) LTD.,INE337E01010,530477
STRATMONT,STRATMONT INDUSTRIES LIMITED,INE473C01025,530495
RRETAIL,RAJNISH RETAIL LIMITED,INE786J01033,530525
COSCO,COSCO (INDIA) LTD.,INE949B01018,530545
KENFIN,KEN FINANCIAL SERVICES LTD.,INE395E01018,530547
NCLRESE,NCL RESEARCH & FINANCIAL SERVI,INE132F01038,530557
LADDERUP,LADDERUP FINANCE LTD.,INE519D01015,530577
UYFINCORP,U. Y. FINCORP LIMITED,INE152C01025,530579
EKAMLEA,EKAM LEASING & FINANCE CO.LTD.,INE906L01025,530581
SWASTIKA,SWASTIKA INVESTMART LIMITED,INE691C01022,530585
PRIMAPLA,PRIMA PLASTICS LTD.,INE573B01016,530589
TELECANOR,TELECANOR GLOBAL LTD.,INE381G01013,530595
JAGSONSER,JAGSONPAL SERVICES LIMITED,INE582C01015,530601
GARGFUR,GARG FURNACE LTD.,INE194E01015,530615
SAMPRE,SAMPRE NUTRITIONS LTD.,INE375C01022,530617
AAIL,Akar Auto Industries Limited,INE864E01021,530621
VIPULORG,Vipul Organics Limited,INE834D01018,530627
GOYALASS,GOYAL ASSOCIATES LTD.,INE912B01032,530663
ZENITHHE,ZENITH HEALTH CARE LTD.,INE812B01026,530665
ACEENGITEC,ACE ENGITECH LIMITED,INE035401020,530669
YORKEXP,YORK EXPORTS LTD.,INE057Q01018,530675
KROWNIQ,KROWNIQ LIMITED,INE624M01014,530689
PRIMEPRO,PRIME PROPERTY DEVELOPMENT COR,INE233C01023,530695
ZENLABS,Zenlabs Ethica Limited,INE546F01013,530697
RAJRILTD,RAJ RAYON INDUSTRIES LIMITED,INE533D01032,530699
GOWRALE,GOWRA LEASING & FINANCE LTD.,INE225G01012,530709
JAGANLAM,JAGAN LAMPS LTD.,INE144C01014,530711
ASITCFIN,ASIT C.MEHTA FINANCIAL SERVICE,INE041B01014,530723
SUPERBAK,SUPER BAKERS (INDIA) LTD.,INE897A01011,530735
OVOBELE,OVOBEL FOODS LTD.,INE812S01012,530741
ACSTECH,ACS TECHNOLOGIES LIMITED,INE366C01021,530745
CHALLANI,CHALLANI CAPITAL LIMITED,INE807A01010,530747
MIDAAS,MIDAAS FASHIONS LIMITED,INE0OUS01011,530757
AGARWAL,AGARWAL FORTUNE INDIA LIMITED,INE510B01018,530765
DYNAMICP,DYNAMIC PORTFOLIO MANAGEMENT &,INE118C01018,530779
INLANPR,INLAND PRINTERS LTD.,INE055O01033,530787
CEEJAY,CEEJAY FINANCE LTD.,INE358C01010,530789
SUNCITYSY,SUNCITY SYNTHETICS LTD.,INE584D01019,530795
SHGANEL,SHREE GANESH ELASTOPLAST LTD.,INE400N01017,530797
ANNAINFRA,ANNA INFRASTRUCTURES LTD.,INE336D01014,530799
OIVL,ONESOURCE INDUSTRIES AND VENTU,INE125F01032,530805
BNRUDY,BNR UDYOG LTD.,INE355C01016,530809
SSPDL,SSPDL LTD.,INE838C01011,530821
DAIKAFFI,DAIKAFFIL CHEMICALS INDIA LTD.,INE789B01018,530825
CILSEC,CIL SECURITIES LIMITED,INE830A01012,530829
CLIOINFO,CLIO INFOTECH LTD.,INE011B01017,530839
HIPOLIN,HIPOLIN LTD.,INE963A01011,530853
GDLLEAS,GDL LEASING & FINANCE LTD.,INE545E01018,530855
ABVL,Arunjyoti Bio Ventures Limited,INE485K01022,530881
SUCROSA,SUPER CROP SAFE LTD.,INE366G01022,530883
AUDROC,AUDROC Limited,INE061B01038,530889
NGIND,N.G.INDUSTRIES LTD.,INE825C01018,530897
ASIAPAK,ASIA PACK LTD.,INE784M01016,530899
SICAPIT,SI CAPITAL & FINANCIAL SERVICE,INE417F01017,530907
RAMSONS,RAMSONS PROJECTS LTD.,INE609D01014,530925
STANPACK,STANPACKS (INDIA) LTD.,INE457D01018,530931
RAMINFO,RAMINFO LIMITED,INE357B01022,530951
SUNILAGR,SUNIL AGRO FOODS LTD.,INE224D01012,530953
DIANATEA,DIANA TEA CO.LTD.,INE012E01035,530959
ALFAICA,ALFA ICA (INDIA) LTD.,INE042C01010,530973
SKCIL,Shri Keshav Cements and Infra,INE260E01014,530977
INDIAHOME,INDIA HOME LOAN LTD.,INE274E01015,530979
ROOPAIND,ROOPA INDUSTRIES LTD.,INE443C01010,530991
SARTHAKGL,SARTHAK GLOBAL LTD.,INE075H01019,530993
UNIQUEO,UNIQUE ORGANICS LTD.,INE333E01019,530997
VENMAX,VENMAX DRUGS AND PHARMACEUTICA,INE154G01022,531015
ARISE,ARIHANTS SECURITIES LTD.,INE190D01015,531017
VISAGAR,VISAGAR FINANCIAL SERVICES LTD,INE309H01038,531025
LIBORD,LIBORD SECURITIES LTD.,INE267E01019,531027
REGAL,REGAL ENTERTAINMENT & CONSULTA,INE101E01010,531033
EBIX,EBIX LIMITED,INE432F01032,531035
SWADHATURE,Swadha Nature Limited,INE0P4R01017,531039
ZDHJERK,DHANVANTRI JEEVAN REKHA LTD.,INE239F01015,531043
CONTILI,CONTIL INDIA LTD.,INE080G01029,531067
NIHARINF,NIHAR INFO GLOBAL LTD.,INE876E01033,531083
CENTUPLE,CENTUPLE GLOBAL LIMITED,INE396H01019,531099
CEENIK,CEENIK EXPORTS (INDIA) LTD.,INE418D01010,531119
KATIPATANG,KATI PATANG LIFESTYLE LIMITED,INE237C01016,531126
MENAMANI,MENA MANI INDUSTRIES LIMITED,INE148B01033,531127
INANI,INANI MARBLES & INDUSTRIES LTD,INE635D01027,531129
GEMSI,GEMSTONE INVESTMENTS LTD.,INE503D01027,531137
ELFORGE,EL FORGE LTD.,INE158F01017,531144
MEDICAMEQ,MEDICAMEN BIOTECH LTD.,INE646B01010,531146
DILIGENT,DILIGENT INDUSTRIES LTD.,INE650C01036,531153
EPSOMPRO,EPSOM PROPERTIES LTD.,INE601F01016,531155
ALFAVIO,ALFAVISION OVERSEAS (INDIA) LT,INE883B01027,531156
ORGCOAT,ORGANIC COATINGS LTD.,INE412E01011,531157
CATVISION,CATVISION  LIMITED,INE660B01011,531158
KEMISTAR,KEMISTAR CORPORATION LIMITED,INE971L01029,531163
ASSOCER,ASSOCIATED CERAMICS LTD.,INE771E01010,531168
SKPSEC,SKP SECURITIES LTD.,INE709B01016,531169
SYSCHEM,SYSCHEM (INDIA) LTD.,INE121D01036,531173
MEFCOMCAP,MEFCOM CAPITAL MARKETS LTD.,INE186C01023,531176
HEMANG,HEMANG RESOURCES LIMITED,INE930A01010,531178
EFORU,EFORU ENTERTAINMENT LIMITED,INE355H01015,531190
FILTRON,FILTRON ENGINEERS LTD.,INE589N01017,531191
GLANCE,GLANCE FINANCE LTD.,INE580D01017,531199
TRADEWELL,TRADEWELL HOLDINGS LIMITED,INE819G01012,531203
SPRIGHT,SPRIGHT AGRO LIMITED,INE179O01031,531205
COLINZ,COLINZ LABORATORIES LTD.,INE923C01011,531210
NLFL,NALIN LEASE FINANCE LTD.,INE606C01012,531212
RTSPOWR,RTS POWER CORPORATION LTD.,INE005C01017,531215
MAYURFL,MAYUR FLOORINGS LTD.,INE262W01012,531221
ANJANI,ANJANI SYNTHETICS LTD.,INE364D01032,531223
DECOMIC,DECO-MICA LTD.,INE907E01010,531227
RANDER,RANDER CORPORATION LTD.,INE821D01031,531228
RASIELEC,RASI ELECTRODES LTD.,INE822D01021,531233
SCOOBEEDAY,SCOOBEE DAY GARMENTS (INDIA) L,INE962E01015,531234
CITIPOR,CITIPORT FINANCIAL SERVICES LT,INE494D01011,531235
DHRUVCA,DHRUVA CAPITAL SERVICES LTD.,INE972E01014,531237
INDGELA,INDIA GELATINE & CHEMICALS LTD,INE342D01012,531253
PARAGONF,PARAGON FINANCE LTD.,INE015E01012,531255
VELLORA,VELLORA IMPACT LIMITED,INE530D01012,531257
ESHAMEDIA,ESHA MEDIA RESEARCH LIMITED,INE328F01016,531259
EQUILATERA,EQUILATERAL ENTERPRISES LIMITE,INE060N01019,531262
B2BSOFT,B2B SOFTWARE TECHNOLOGIES LTD.,INE151B01011,531268
NIKKIGL,NIKKI GLOBAL FINANCE LTD.,INE526C01012,531272
RADHEDE,RADHE DEVELOPERS (INDIA) LTD.,INE986B01044,531273
ELIXIR,Elixir Capital Limited,INE785D01012,531278
TRISHAKT,Trishakti Industries Limited,INE238C01022,531279
PANKAJPO,PANKAJ POLYMERS LTD.,INE698B01011,531280
MARBLE,MARBLE CITY INDIA LIMITED,INE807H01023,531281
ADHHATA,ADHATA GLOBAL LIMITED,INE586D01014,531286
NATPLASTI,NATIONAL PLASTIC TECHNOLOGIES,INE896D01017,531287
LEADFIN,LEAD FINANCIAL SERVICES LTD.,INE531D01010,531288
NATFIT,NATIONAL FITTINGS LIMITED,INE643C01015,531289
ARTEFACT,ARTEFACT PROJECTS LTD.,INE885B01014,531297
TUSALDAH,TUSALDAH LIMITED,INE319M01011,531301
NUTECGLOB,NUTECH GLOBAL LTD.,INE960H01012,531304
DHPIND,DHP INDIA LTD.,INE590D01016,531306
AVAILFC,AVAILABLE FINANCE LTD.,INE325G01010,531310
MGIL,MARUTI GLOBAL INDUSTRIES LIMIT,INE368C01019,531319
ROSELABS,ROSELABS FINANCE LTD.,INE475C01012,531324
KRETTOSYS,KRETTO SYSCON LIMITED,INE128R01023,531328
GUJINV,GUJARAT INVESTA LTD.,INE373D01017,531341
EASTRED,EASTERN TREADS LTD.,INE500D01015,531346
PEETISEC,PEETI SECURITIES LTD.,INE328D01011,531352
SRAMSET,SHRIRAM ASSET MANAGEMENT CO.LT,INE777G01012,531359
EKANSH,Ekansh Concepts Limited,INE005E01013,531364
SPAR,SPARC ELECTREX LIMITED,INE960B01015,531370
CSURGSU,CENTENIAL SURGICAL SUTURE LTD.,INE405H01018,531380
HASTIFIN,HASTI FINANCE LTD.,INE671D01014,531387
UPSURGE,UPSURGE INVESTMENT & FINANCE L,INE890B01014,531390
PADAMCO,PADAM COTTON YARNS LTD.,INE448D01025,531395
POLYCON,POLYCON INTERNATIONAL LTD.,INE262C01014,531397
SOURCENTRL,SOURCE NATURAL FOODS & HERBAL,INE679C01027,531398
GGAUTO,G.G.AUTOMOTIVE GEARS LTD.,INE493B01017,531399
ALMONDZ,ALMONDZ GLOBAL SECURITIES LTD.,INE326B01035,531400
LWSKNIT,LWS KNITWEAR LTD.,INE281M01013,531402
ANSINDUS,ANS INDUSTRIES LTD,INE234J01018,531406
TUNITEX,TUNI TEXTILE MILLS LTD.,INE560D01027,531411
RADIXIND,RADIX INDUSTRIES (INDIA) LIMIT,INE576N01014,531412
NARPROP,NARENDRA PROPERTIES LTD.,INE603F01012,531416
MEGACOR,MEGA CORPORATION LTD.,INE804B01023,531417
BMBMUMG,BMB MUSIC & MAGNETICS LTD.,INE644K01016,531420
SYTIXSE,SYSTEMATIX SECURITIES LTD.,INE07P301011,531432
SUNGOLD,SUNGOLD CAPITAL LTD.,INE271D01013,531433
SAFFRON,SAFFRON INDUSTRIES LIMITED,INE474D01013,531436
PWASML,Prakash Woollen & Synthetic Mi,INE523I01016,531437
GOLDTECH,AION TECH SOLUTIONS LIMITED,INE805A01014,531439
LYONSCO,LYONS CORPORATE MARKET LTD.,INE100F01019,531441
POLYLINK,POLYLINK POLYMERS (INDIA) LTD.,INE323D01020,531454
MINAXI,MINAXI TEXTILES LTD.,INE952C01028,531456
BOSTON,BOSTON COMMERCE LIMITED,INE109B01019,531458
CONTICON,CONTINENTAL CONTROLS LTD.,INE545B01022,531460
NOUVEAU,NOUVEAU GLOBAL VENTURES LTD.,INE317B01042,531465
DUKEOFS,DUKE OFFSHORE LTD.,INE397G01019,531471
CYBELEIND,CYBELE INDUSTRIES LTD.,INE183D01010,531472
FILME,FILMCITY MEDIA LTD.,INE600B01033,531486
ESARIND,ESAAR (INDIA) LTD.,INE404L01039,531502
MARIS,MARIS SPINNERS LTD.,INE866D01010,531503
SKRABUL,SHUKRA BULLIONS LTD.,INE561E01015,531506
STEP2COR,STEP TWO CORPORATION LTD.,INE623D01015,531509
ORIENTTR,ORIENT TRADELINK LTD.,INE681D01039,531512
MAHANIN,MAHAN INDUSTRIES LTD.,INE735D01041,531515
ACESOFT,ACE SOFTWARE EXPORTS LTD.,INE849B01010,531525
SOFTRAKV,SOFTRAK VENTURE INVESTMENT LTD,INE562E01021,531529
BETALA,BETALA GLOBAL SECURITIES LTD.,INE658E01027,531530
ACCEDERE,ACCEDERE LIMITED,INE578B01015,531533
MIZVEN,MIZZEN VENTURES LIMITED,INE681K01026,531537
RISHDIGA,RISHABH DIGHA STEEL & ALLIED P,INE864D01015,531539
MAINFRA,MARUTI INFRASTRUCTURE LTD.,INE392G01028,531540
JHACC,JHAVERI CREDITS & CAPITAL LTD.,INE865D01012,531550
RAGHUTOB,RAGHUNATH TOBACCO CO.LTD.,INE754B01012,531552
DRL,DISHA RESOURCES LIMITED,INE193D01019,531553
SANJIVIN,SANJIVANI PARANTERAL LTD.,INE860D01013,531569
VASINFRA,VAS INFRASTRUCTURE LTD.,INE192C01013,531574
KMFBLDR,KMF BUILDERS & DEVELOPERS LTD.,INE580H01026,531578
RAP,RAP CORP LIMITED,INE483D01014,531583
DEVINE,DEVINE IMPEX LTD.,INE455C01014,531585
BAMPSL,BAMPSL SECURITIES LTD.,INE802A01037,531591
GENPHARMA,GENPHARMASEC LIMITED,INE861N01036,531592
INCON,INCON ENGINEERS LTD.,INE507D01010,531594
KGPETRO,KG PETROCHEM LTD.,INE902G01016,531609
MAL,Meyer Apparel Limited,INE100C01024,531613
COUNCODOS,COUNTRY CONDOS LTD.,INE695B01025,531624
OROSMITHS,OROSIL SMITHS INDIA LTD.,INE628B01034,531626
TEJASSVI,TEJASSVI AAHARAM LIMITED,INE173E01019,531628
SILVOAK,SILVER OAK (INDIA) LTD.,INE870J01019,531635
TOKYOFIN,TOKYO FINANCE LTD.,INE546D01018,531644
NATGENI,NATIONAL GENERAL INDUSTRIES LT,INE654H01011,531651
UVS,UVS HOSPITALITY AND SERVICES L,INE528C01018,531652
ABATEAS,ABATE AS INDUSTRIES LIMITED,INE454E01013,531658
HITTCO,HITTCO TOOLS LTD.,INE863C01019,531661
YUVRAAJHPL,YUVRAAJ HYGIENE PRODUCTS LTD.,INE139D01020,531663
RRMETAL,RR METALMAKERS INDIA LIMITED,INE117K01013,531667
VISIONCO,VISION CORPORATION LTD.,INE661D01015,531668
KARNAWATI,Karnawati Innovation Limited,INE214D01021,531671
ANKIN,ANKA INDIA LTD.,INE067C01025,531673
EMROCK,EMROCK CORPORATION LIMITED,INE554H01021,531676
MAYUR,MAYUR LEATHER PRODUCTS LTD.,INE799E01011,531680
AMERISE,AMERISE BIOSCIENCES LIMITED,INE673C01020,531681
PRITHVIEXCH,Prithvi Exchange (India) Limit,INE621B01021,531688
KHYATI,KHYATI MULTIMEDIA-ENTERTAINMEN,INE593B01030,531692
RAINBOWF,RAINBOW FOUNDATIONS LTD.,INE230F01014,531694
TRICOMFRU,TRICOM FRUIT PRODUCTS LIMITED,INE843F01014,531716
GATECH,GACM Technologies Limited,INE224E01028,531723
PANCHSHEEL,PANCHSHEEL ORGANICS LTD.,INE316G01019,531726
MENNPIS,MENON PISTONS LTD.,INE650G01029,531727
GREENCREST,GREENCREST FINANCIAL SERVICES,INE414C01045,531737
GENNEX,GENNEX LABORATORIES LTD.,INE509C01026,531739
GINISILK,GINI SILK MILLS LTD.,INE548B01018,531744
BIOGEN,BIOGEN PHARMACHEM INDUSTRIES L,INE703D01023,531752
GKCONS,G.K.CONSULTANTS LTD.,INE131D01019,531758
UNJHAFOR,UNJHA FORMULATIONS LTD.,INE576D01015,531762
PFLINFOTC,PFL INFOTECH LTD.,INE600F01018,531769
PADALPO,PADMANABH ALLOYS & POLYMERS LT,INE630U01014,531779
KACL,KAISER CORPORATION LIMITED,INE229G01022,531780
KCLINFRA,KCL Infra Projects Limited,INE469F01026,531784
PRERINFRA,PRERNA INFRABUILD LTD.,INE426H01014,531802
METALCO,METAL COATINGS (INDIA) LTD.,INE161E01014,531810
SGNTE,SGN TELECOMS LTD.,INE266C01023,531812
TIRSARJ,TIRUPATI SARJAN LTD.,INE297J01023,531814
MUNOTHFI,MUNOTH FINANCIAL SERVICES LTD.,INE348D01019,531821
RODIUM,RODIUM REALTY LIMITED,INE513E01024,531822
NAGTECH,NAGARJUNA AGRI TECH LTD.,INE793H01017,531832
NATHUEC,NATURA HUE CHEM LTD.,INE487B01019,531834
IECEDU,IEC EDUCATION LTD.,INE172B01017,531840
INDUSFINL,Indus Finance Limited,INE935D01013,531841
TRINITYLEA,TRINITY LEAGUE INDIA LTD.,INE884X01011,531846
JOINDRE,JOINDRE CAPITAL SERVICES LTD.,INE024B01010,531861
BHARATAGRI,BHARAT AGRI FERT & REALTY LTD.,INE842D01029,531862
SACHEMT,SACHETA METALS LTD.,INE433G01020,531869
POPULARES,POPULAR ESTATE MANAGEMENT LTD.,INE370C01015,531870
REXNORD,REXNORD ELECTRONICS & CONTROLS,INE687C01012,531888
NWIL,NURTURE WELL INDUSTRIES LIMITE,INE882B01037,531889
SAWACA,SAWACA ENTERPRISES LIMITED,INE248B01023,531893
CCLINTER,CCL INTERNATIONAL LTD.,INE778E01031,531900
GALLOPENT,GALLOPS ENTERPRISE LTD.,INE755J01012,531902
CROISSANCE,CROISSANCE LIMITED,INE587J01027,531909
JOJO,JOJO LIMITED,INE312M01024,531910
GALAGEX,GALAXY AGRICO EXPORTS LTD.,INE803L01016,531911
CASTORA,CASTORA AGRI COMMODITIES LIMIT,INE641H01018,531913
HINDAPL,HINDUSTAN APPLIANCES LTD.,INE02XD01011,531918
DHAMPURE,DHAMPURE SPECIALITY SUGARS LTD,INE956B01013,531923
SHAQUAK,SHANTANU SHEOREY AQUAKULT LTD.,INE545N01019,531925
GOLCA,GOLDEN CARPETS LTD.,INE595D01015,531928
INNOCORP,INNOCORP LTD.,INE214B01017,531929
SARTHAKIND,SARTHAK INDUSTRIES LTD.,INE074H01012,531930
LEXORAA,LEXORAA INDUSTRIES LIMITED,INE185D01015,531944
VERTEX,VERTEX SECURITIES LTD.,INE316D01024,531950
RIBATEX,RIBA TEXTILES LTD.,INE811H01017,531952
NEWINFRA,NEWTIME INFRASTRUCTURE LIMITED,INE997D01021,531959
SHREMETAL,SHREE METALLOYS LTD.,INE914B01012,531962
IITLPROJ,IITL PROJECTS LIMITED,INE786E01018,531968
CHLOGIST,CHARTERED LOGISTICS LTD.,INE558F01026,531977
SPECFOOD,SPECTRUM FOODS LTD.,INE547C01018,531982
AMRAAGRI,AMRAWORLD AGRICO LTD.,INE735C01027,531991
AUTOPINS,AUTO PINS (INDIA) LTD.,INE706C01028,531994
IKOMA,IKOMA TECHNOLOGIES LIMITED,INE164D01010,531997
INDCTST,INDUCTO STEEL LTD.,INE146H01018,532001
POOJAENT,VASHU BHAGNANI INDUSTRIES LIMI,INE147C01017,532011
GRAVITY,GRAVITY (INDIA) LTD.,INE995A01013,532015
ESPIRE,ESPIRE HOSPITALITY LIMITED,INE176O01011,532016
LCCINFOTEC,LCC INFOTECH LTD.,INE938A01021,532019
ZENOTECH,ZENOTECH LABORATORIES LTD.,INE486F01012,532039
HINDBIO,HINDUSTAN BIO SCIENCES LTD.,INE597C01021,532041
WALLFORT,WALLFORT FINANCIAL SERVICES LT,INE121B01014,532053
TRUSTEDGE,Trustedge Capital Limited,INE398H01015,532056
ABHICAP,ABHINAV CAPITAL SERVICES LTD.,INE516F01016,532057
GUJJUBHAI,GUJJUBHAI INDUSTRIES LIMITED,INE311N01016,532070
MONIND,MONIND LIMITED,INE407E01029,532078
ATVOENT,Atvo Enterprises Limited,INE219M01021,532090
EPUJA,EPUJA SPIRITECH LIMITED,INE807D01030,532092
INDOCITY,INDO-CITY INFOTECH LTD.,INE456B01014,532100
SBECSUG,SBEC SUGAR LTD.,INE948G01019,532102
BRIJLEAS,BRIJLAXMI LEASING & FINANCE LT,INE957E01031,532113
BSELALGO,BSEL ALGO LIMITED,INE395A01016,532123
RELIABVEN,RELIABLE VENTURES INDIA LTD.,INE419H01019,532124
TRIUMPIN,TRIUMPH INTERNATIONAL FINANCE,INE382B01012,532131
HOTLSILV,H.S.INDIA LTD.,INE731B01010,532145
JOHNPHARMA,JOHNSON PHARMACARE LIMITED,INE560F01022,532154
TRESCON,TRESCON LIMITED,INE088D01011,532159
GUJSTATFIN,GUJARAT STATE FINANCIAL CORPOR,INE944A01011,532160
OMKARPH,OMKAR PHARMACHEM LTD.,INE501C01015,532167
ADROITINFO,Adroit Infotech Limited,INE737B01033,532172
GAYATRI,GAYATRI SUGARS LTD.,INE622E01023,532183
LANDMARC,LANDMARC LEISURE CORPORATION L,INE394C01023,532275
TCFCFINQ,TCFC FINANCE LTD.,INE389D01013,532284
INTEGHIT,INTEGRATED HITECH LTD.,INE934A01012,532303
KJMCCORP,KJMC CORPORATE ADVISORS (INDIA,INE602C01011,532304
GROARC,GROARC INDUSTRIES INDIA LIMITE,INE042B01012,532315
VAARAD,VAARAD VENTURES LTD,INE418B01048,532320
DANLAW,DANLAW TECHNOLOGIES INDIA LTD.,INE310B01013,532329
CURAA,CURA TECHNOLOGIES LTD.,INE117B01020,532332
OMNIAX,OMNI AXS SOFTWARE LTD.,INE369B01019,532340
MADALA,MADALA HOLDINGS LIMITED,INE002B01016,532344
AKSHOPTFBR,AKSH OPTIFIBRE LTD.,INE523B01011,532351
VIRGOGLOB,Virgo Global Limited,INE400B01020,532354
PICTUREHS,PICTUREHOUSE MEDIA LTD.,INE448B01029,532355
HITKITGLO,HIT KIT GLOBAL SOLUTIONS LTD.,INE309B01023,532359
NAGPI,NAGPUR POWER & INDUSTRIES LTD.,INE099E01016,532362
WEPSOLN,WEP SOLUTIONS LTD.,INE434B01029,532373
STLTECH,STERLITE TECHNOLOGIES LTD.,INE089C01029,532374
UNIVARTS,UNIVERSAL ARTS LTD.,INE464B01018,532378
FIRSTFIN,FIRST FINTEC LIMITED,INE683B01047,532379
BABA,BABA ARTS LTD.,INE893A01036,532380
TYCHE,TYCHE INDUSTRIES LTD.,INE443B01012,532384
CALSOFT,CALIFORNIA SOFTWARE CO.LTD.,INE526B01014,532386
KONNDOR,KONNDOR INDUSTRIES LIMITED,INE971A01014,532397
USGTECH,USG TECH SOLUTIONS LTD.,INE718B01017,532402
7TEC,SAVEN TECHNOLOGIES LTD.,INE856B01023,532404
SIGMAADV,SIGMA ADVANCED SYSTEMS LIMITED,INE933B01012,532408
SMARTLINK,Smartlink Holdings Limited,INE178C01020,532419
GENUSPRIME,GENUS PRIME INFRA LIMITED,INE256D01014,532425
SANINFRA,SANMIT INFRA LIMITED,INE799C01049,532435
SHALIWIR,SHALIMAR WIRES INDUSTRIES LTD.,INE655D01025,532455
MPFSL,MPF Systems Limited,INE095E01022,532470
GULFPETRO,GP PETROLEUMS LTD,INE586G01017,532543
3IINFOLTD,3I INFOTECH LTD.,INE748C01038,532628
MBECL,MCNALLY BHARAT ENGINEERING COM,INE748A01024,532629
CYBERMEDIA,CYBER MEDIA (INDIA) LTD.,INE278G01037,532640
BEEYU,BEEYU OVERSEAS LTD.,INE052B01011,532645
FACORALL,FACOR ALLOYS LTD.,INE828G01013,532656
VIVIMEDLAB,VIVIMED LABS LTD.,INE526G01021,532660
KMSUGAR,K.M.SUGAR MILLS LTD.,INE157H01023,532673
PBAINFRA,PBA INFRASTRUCTURE LTD.,INE160H01019,532676
GVKPIL,GVK POWER & INFRASTRUCTURE LTD,INE251H01024,532708
RCOM,RELIANCE COMMUNICATIONS LTD.,INE330H01018,532712
MPDL,MPDL LIMITED,INE493H01014,532723
TICL,TwamevConstruction and Infrast,INE388G01026,532738
GTNTEX,GTN TEXTILES LTD.,INE302H01017,532744
JHS,JHS SVENDGAARD LABORATORIES LT,INE544H01014,532771
PARSVNATH,PARSVNATH DEVELOPERS LTD.,INE561H01026,532780
CTE,CAMBRIDGE TECHNOLOGY ENTERPRIS,INE627H01017,532801
AICHAMP,AI CHAMPDANY INDUSTRIES LTD.,INE768E01024,532806
ELAND,E-Land Apparel Limited,INE311H01018,532820
JAGJANANI,JAGJANANI TEXTILES LTD.,INE702H01018,532825
RAJTV,RAJ TELEVISION NETWORK LTD.,INE952H01027,532826
AMDIND,AMD INDUSTRIES LTD.,INE005I01014,532828
LEHAR,LEHAR FOOTWEARS LIMITED,INE976H01018,532829
MICEL,MIC ELECTRONICS LTD.,INE287C01037,532850
ASAHISONG,ASAHI SONGWON COLORS LTD.,INE228I01012,532853
HARYNACAP,HARYANA CAPFIN LTD.,INE928H01019,532855
NEUEON,Neueon Corporation Limited,INE333I01044,532887
PARLEIND,PARLE INDUSTRIES LIMITED,INE272G01014,532911
RATHIBAR,RATHI BARS LTD.,INE575I01016,532918
KAUSHALYA,KAUSHALYA INFRASTRUCTURE DEVEL,INE234I01028,532925
BGRENERGY,BGR ENERGY SYSTEMS LTD.,INE661I01014,532930
BURNPUR,BURNPUR CEMENT LTD.,INE817H01022,532931
PORWAL,PORWAL AUTO COMPONENTS LTD.,INE386I01018,532933
PPAP,PPAP,INE095I01015,532934
ARIES,ARIES AGRO LTD.,INE298I01015,532935
CORDSCABLE,CORDS CABLE INDUSTRIES LTD.,INE792I01017,532941
ONMOBILE,ONMOBILE,INE809I01019,532944
GOKAKTEX,GOKAK TEXTILES LTD.,INE642I01014,532957
TELOGICA,TELOGICA LIMITED,INE778I01024,532975
SENSEX1,KOTAK MAHINDRA MUTUAL FUND,INF174KA1JD7,532985
BAFNAPH,BAFNA PHARMACEUTICALS LTD.,INE878I01022,532989
CHLLTD,CHL LTD.,INE790D01020,532992
BIRLACOT,BIRLA COTSYN (INDIA) LTD.,INE655I01032,533006
LGBFORGE,LGB FORGE LTD.,INE201J01017,533007
ALKALI,ALKALI METALS LTD.,INE773I01017,533029
TPHQ,Teamo Productions HQ Limited,INE065J01024,533048
LANDSMILL,Landsmill Green Limited,INE688J01023,533090
PEIL,PREMIER ENERGY AND INFRASTRUCT,INE429K01012,533100
SURYAAMBA,SURYAAMBA SPINNING MILLS LTD.,INE360J01011,533101
SWANDEF,SWAN DEFENCE AND HEAVY INDUSTR,INE542F01020,533107
BTTL,BHILWARA TECHNICAL TEXTILES LT,INE274K01012,533108
SPSL,SHREE PRECOATED STEELS LTD.,INE318K01025,533110
YUNIKM,Yunik Managing Advisors Limite,INE143K01019,533149
COROENGG,COROMANDEL ENGINEERING COMPANY,INE312J01012,533167
TAMBOLIIN,TAMBOLI INDUSTRIES LIMITED,INE864J01012,533170
ISFT,INTRASOFT TECHNOLOGIES LTD.,INE566K01011,533181
KCPSUGIND,KCP SUGAR & INDUSTRIES CORPORA,INE790B01024,533192
SATCH,SATCHMO HOLDINGS LIMITED,INE639K01016,533202
EMAMIPAP,EMAMI PAPER MILLS LTD.,INE830C01026,533208
HMVL,HINDUSTAN MEDIA VENTURES LTD.,INE871K01015,533217
WELINV,WELSPUN INVESTMENTS AND COMMER,INE389K01018,533252
SEATV,SEA TV NETWORK LTD.,INE351L01016,533268
RDBIPL,RDB INFRASTRUCTURE AND POWER L,INE245L01028,533285
KTIL,KESAR TERMINALS & INFRASTRUCTU,INE096L01025,533289
SHEKHAWATI,SHEKHAWATI INDUSTRIES LIMITED,INE268L01046,533301
INOVSYNTH,INNOVASSYNTH TECHNOLOGIES (IND,INE690J01011,533315
MON100,MOTILAL OSWAL MOST SHARES NASD,INF247L01AP3,533385
TRUEGREEN,TRUE GREEN BIO ENERGY LIMITED,INE672K01025,533407
VMS,VMS INDUSTRIES LTD.,INE932K01015,533427
DELPHIFX,DELPHI WORLD MONEY LIMITED,INE726L01027,533452
LESHAIND,LESHA INDUSTRIES LTD.,INE050L01048,533602
RDBRL,RDB RASAYANS LTD.,INE123M01017,533608
TIJARIA,TIJARIA POLYPIPES LTD.,INE440L01017,533629
ONELIFECAP,ONELIFE CAPITAL ADVISORS LTD.,INE912L01015,533632
FLEXITUFF,FLEXITUFF VENTURES INTERNATION,INE060J01017,533638
FERVENTSYN,FERVENT SYNERGIES LTD.,INE258M01011,533896
PMCFIN,PMC FINCORP LIMITED,INE793G01035,534060
AIML,ALLIANCE INTEGRATED METALIKS L,INE123D01024,534064
OLPCL,OLYMPIC CARDS LTD.,INE550L01013,534190
MTEDUCARE,MT EDUCARE LTD.,INE472M01018,534312
MAXHEIGHTS,Max heights Infrastucture Ltd,INE393F01010,534338
TBZ,TRIBHOVANDAS BHIMJI ZAVERI LTD,INE760L01018,534369
LOOKS,LOOKS HEALTH SERVICES LIMITED,INE204N01013,534422
SPECIALITY,SPECIALITY RESTAURANTS LTD.,INE247M01014,534425
META,STRING METAVERSE LIMITED,INE958L01034,534535
AMTL,ADVANCE METERING TECHNOLOGY LT,INE436N01029,534612
JUPITERIN,JUPITER INFOMEDIA LTD.,INE524N01014,534623
COMCL,COMFORT COMMOTRADE LTD.,INE456N01019,534691
CASPIAN,CASPIAN CORPORATE SERVICES LIM,INE176N01039,534732
AERPACE,Aerpace Industries Limited,INE175N01023,534733
VIRTUALG,VIRTUAL GLOBAL EDUCATION LTD.,INE247C01023,534741
TRIOMERC,TRIO MERCANTILE & TRADING LTD.,INE234G01022,534755
JUJHARLOGI,JUJHAR LOGISTICS  LIMITED,INE198N01017,534796
ISERA,iSERA LIFESCIENCES LIMITED,INE899M01020,534920
MUKTA,Mukta Agriculture Limited,INE160O01031,535204
MYSTICELE,Mystic Electronics Limited,INE159O01033,535205
COMFINCAP,COMFORT FINCAP LTD.,INE274M01026,535267
SBISENSEX,SBI MUTUAL FUND - SBI ETF SENS,INF200K01VT2,535276
LAKHOTIA,LAKHOTIA POLYESTERS (INDIA) LT,INE191O01010,535387
GCMSECU,GCM SECURITIES LTD,INE168O01026,535431
PRIMECAPM,PRIME CAPITAL MARKET LTD.,INE748D01010,535514
KIFS,KIFS FINANCIAL SERVICES LTD.,INE902D01013,535566
SREEL,SREELEATHERS LTD.,INE099F01013,535601
BINNYMILLS,BINNY MILLS LTD.,INE160L01011,535620
OONE,OBJECTONE INFORMATION SYSTEMS,INE860E01011,535657
IFINSEC,INDIA FINSEC LTD.,INE474O01010,535667
AMPVOLTS,AMPVOLTS LIMITED,INE989J01017,535719
KHOOBSURAT,KHOOBSURAT LTD,INE731G01027,535730
MMLF,MONEY MASTERS LEASING & FINANC,INE340O01021,535910
ALSL,ALACRITY SECURITIES LTD,INE030P01017,535916
JULIEN,JULIEN AGRO INFRATECH LIMITED,INE890N01027,536073
JKAGRI,JK AGRI GENETICS LTD,INE690O01011,536493
NOVELIX,NOVELIX PHARMACEUTICALS LIMITE,INE314I01036,536565
PVVINFRA,PVV Infra Limited,INE428B01021,536659
VCU,VCU DATA MANAGEMENT LTD,INE962O01014,536672
YURANUS,YURANUS INFRASTRUCTURE LTD,INE156M01017,536846
MOM100,MOTILAL OSWAL MUTUAL FUND - MO,INF247L01023,536960
NIFTYIETF,ICICI Prudential Nifty ETF,INF109K012R6,537007
NIF100IETF,ICICI Prudential Nifty 100 ETF,INF109KC16V9,537008
ARNOLD,ARNOLD HOLDINGS LTD,INE185K01036,537069
JTLDEFENCE,JTL DEFENCE LIMITED,INE140B01048,537254
CHEMTECH,CHEMTECH INDUSTRIAL VALVES LTD,INE212P01011,537326
KETOMOTORS,Keto Motors Limited,INE392H01026,537392
NIF100BEES,NIPPON INDIA ETF NIFTY 100,INF204K014N5,537483
DENISCHEM,DENIS CHEM LAB LTD,INE051G01012,537536
LADDU,LADDU GOPAL ONLINE SERVICES LI,INE546I01025,537707
NIFTY1,KOTAK MAHINDRA MUTUAL FUND - K,INF174K014P6,537708
HANSUGAR,SHREE HANUMAN SUGAR & INDUSTRI,INE101H01013,537709
BCP,B.C. POWER CONTROLS LTD,INE905P01028,537766
VIJIFIN,VIJI FINANCE LTD,INE159N01027,537820
HBGHOTELS,HBG HOTELS LIMITED,INE977M01024,537839
INFRONICS,INFRONICS SYSTEMS LTD,INE463B01036,537985
CPSEETF,CPSE ETF,INF457M01133,538057
HARIAAPL,HARIA APPARELS LTD,INE493N01012,538081
RNBDENIMS,R&B DENIMS LTD,INE012Q01039,538119
SHARPINV,SHARP INVESTMENTS LTD,INE909D01026,538212
RESPONSINF,RESPONSE INFORMATICS LTD,INE401B01010,538273
WESTLEIRES,WEST LEISURE RESORTS LTD,INE266P01017,538382
METSL,MAESTROS ELECTRONICS & TELECOM,INE318N01011,538401
JACKSON,JACKSON INVESTMENTS LTD,INE508N01025,538422
MONEYBOXX,MONEYBOXX FINANCE LIMITED,INE296Q01012,538446
WORTH,WORTH INVESTMENT & TRADING CO,INE114O01020,538451
TPROJECT,THIRANI PROJECTS LTD,INE901C01017,538464
CTL,CAPITAL TRADE LINKS LTD,INE172D01021,538476
SBL,SHIVAMSHREE BUSINESSES LIMITED,INE857P01021,538520
YAANENT,YAAN ENTERPRISES LIMITED,INE969E01010,538521
ANVRDHI,ANNVRRIDHHI VENTURES LIMITED,INE075K01013,538539
RAAMA,RAAMA FINANCE LIMITED,INE516P01015,538540
GOLDCOINHF,GOLD COIN HEALTH FOODS LTD,INE634J01027,538542
BRPL,BANSAL ROOFING PRODUCTS LTD,INE319Q01012,538546
ARMAN,ARMAN HOLDINGS LTD,INE510P01018,538556
SMTEL,SMT ENGINEERING LIMITED,INE673E01018,538563
JAMESWARREN,JAMES WARREN TEA LTD,INE718P01017,538564
VISTARAMAR,Vistar Amar Limited,INE878P01019,538565
FRUTION,FRUITION VENTURE LTD,INE836C01015,538568
TRIVENIENT,TRIVENI ENTERPRISES LTD,INE916P01025,538569
CEMAINFRA,CEMANTIC INFRA-TECH LIMITED,INE222B01028,538596
TTIENT,TTI ENTERPRISE LTD,INE404F01031,538597
GAJANANSEC,GAJANAN SECURITIES SERVICES LT,INE868G01019,538609
UNISON,UNISON METALS LTD,INE099D01026,538610
VRL,VASUNDHARA RASAYANS LTD,INE406F01010,538634
QGO,QGO FINANCE LIMITED,INE837C01013,538646
PURSHOTTAM,PURSHOTTAM INVESTOFIN LTD,INE729C01020,538647
SENSEXBEES,NIPPON INDIA ETF SENSEX,INF204KA1UN7,538683
ULTRACAB,Ultracab (India) Limited,INE010R01023,538706
RCCL,Rajasthan Cylinders & Containe,INE929D01016,538707
ETIL,Econo Trade (India) Limited,INE937K01014,538708
ATISHAY,Atishay Limited,INE011R01013,538713
SANGAMFIN,Sangam Finserv Limited,INE475D01010,538714
DHABRIYA,Dhabriya Polywood Limited,INE260R01016,538715
ARYACAPM,Aryaman Capital Markets Limite,INE229R01011,538716
PANABYTE,PANABYTE TECHNOLOGIES LIMITED,INE516E01019,538742
MUDUNURU,Mudunuru Limited,INE491C01027,538743
CRANEINFRA,Crane Infrastructure Limited,INE176L01017,538770
NIYOGIN,Niyogin Fintech Limited,INE480D01010,538772
ASIACAP,ASIA CAPITAL LIMITED,INE131Q01011,538777
KALYANCAP,Kalyan Capitals Limited,INE149Q01021,538778
CITIZEN,Citizen Solar Limited,INE473L01018,538786
GBFL,Goenka Business & Finance Limi,INE997C01015,538787
GILADAFINS,Gilada Finance & Investments L,INE918C01029,538788
AANCHALISP,Aanchal Ispat Limited,INE322R01022,538812
CAPPIPES,Captain Pipes Limited,INE513R01026,538817
KAIZENAGRO,KAIZEN AGRO INFRABUILD LIMITED,INE891N01017,538833
JMJFIN,JMJ Fintech Limited,INE242Q01016,538834
JSTL,Jeevan Scientific Technology L,INE237B01018,538837
ICL,Indo Cotspin Limited,INE407P01017,538838
SCC,Scintilla Commercial & Credit,INE892C01018,538857
PANAFIC,PANAFIC INDUSTRIALS LTD,INE655P01029,538860
MYMONEY,My Money Securities Ltd.,INE232L01018,538862
CSL,Continental Securities Limited,INE183Q01020,538868
NEXUSSURGL,NEXUS SURGICAL AND MEDICARE LI,INE370Q01015,538874
GALADAFIN,Galada Finance Limited,INE243E01010,538881
EMERALD,Emerald Finance Limited,INE030Q01015,538882
OCTAL,Octal Credit Capital Ltd.,INE513C01010,538894
MIHIKA,Mihika Industries Ltd.,INE779Q01017,538895
SHRINIWAS,Shri Niwas Leasing and Finance,INE201F01015,538897
DTIL,Dhunseri Tea & Industries Ltd,INE341R01014,538902
VANICOM,Vani Commercials Limited,INE661Q01017,538918
COSYN,COSYN Limited,INE029B01019,538922
SOFCOM,SOFCOM SYSTEMS LIMITED,INE499Q01012,538923
NAPL,Naturite Agro Products Limited,INE223R01022,538926
KARNAVATI,Karnavati Finance Limited,INE554R01020,538928
ABHIFIN,Abhishek Finlease limited,INE723C01015,538935
ALFL,Abhinav Leasing & Finance Limi,INE211D01027,538952
MERCURYLAB,Mercury Laboratories Limited,INE947G01011,538964
CONCORD,Concord Drugs Limited,INE858L01010,538965
TALBROSENG,TALBROS ENGINEERING LIMITED,INE717E01013,538987
SAPL,Sar  Auto Products Limited,INE002E01010,538992
JAYATMA,JAYATMA ENTERPRISES LIMITED,INE246D01015,539005
CHENFERRO,CHENNAI FERROUS INDUSTRIES LIM,INE777O01016,539011
MEGRISOFT,Megri Soft Limited,INE756R01013,539012
GITARENEW,GITA RENEWABLE ENERGY LIMITED,INE776O01018,539013
KALPACOMME,Kalpa Commercial Limited,INE059Q01014,539014
NEIL,Neil Industries Ltd.,INE396C01010,539016
STARHFL,STAR HOUSING FINANCE LIMITED,INE526R01028,539017
SETFBSE100,SBI Mutual Fund,INF200KA1572,539031
FRASER,Fraser And Company Limited,INE184Q01010,539032
TIRUPATIIN,TIRUPATI INNOVAR LIMITED,INE812Q01016,539040
MANAKSTEEL,Manaksia Steels Limited,INE824Q01011,539044
RAJPUTANA,Rajputana Investment and Finan,INE751R01014,539090
CCDL,Consecutive Commodities Limite,INE187R01029,539091
URSUGAR,UR SUGAR INDUSTRIES LIMITED,INE904R01027,539097
SHESHAINDS,SHESHADRI INDUSTRIES LIMITED,INE193R01019,539111
ALANSCOTT,ALAN SCOTT ENTERPRISES LIMITED,INE273F01022,539115
SUJALA,Sujala Trading & Holding Ltd.,INE029H01016,539117
GRAMEVA,GRAMEVA LIMITED,INE578R01011,539120
PALCO,Palco Metals Limited,INE239L01013,539121
BODHTREE,Bodhtree Consulting Limited,INE104F01029,539122
VBIND,V B INDUSTRIES LIMITED,INE334E01017,539123
SARVOTTAM,Survottam Finvest Ltd.,INE822Q01015,539124
WARDWIZFBL,Wardwizard Foods and Beverages,INE761D01021,539132
PANTH,PANTH INFINITY LIMITED,INE945O01019,539143
ICSL,Integrated Capital Services Lt,INE682B01023,539149
VLL,Virat Leasing Limited,INE347L01022,539167
HELPAGE,Helpage Finlease Ltd.,INE738P01015,539174
HAWAENG,Hawa Engineers ltd.,INE230I01018,539176
ADHBHUTIN,Adhbhut Infrastructure Ltd.,INE578L01014,539189
DFL,Decillion Finance Ltd.,INE848N01017,539190
AEL,Amba Enterprises Ltd.,INE829P01020,539196
NOBPOL,NOBLE POLYMERS LIMITED,INE203Q01026,539200
GVBL,GENOMIC VALLEY BIOTECH LIMITED,INE574D01010,539206
GARMNTMNTR,GARMENT MANTRA LIFESTYLE LIMIT,INE653S01028,539216
SRESTHA,Srestha Finvest Limited,INE606K01049,539217
MUL,MAURIA UDYOG LIMITED,INE150D01027,539219
MISHKA,Mishka Exim Limited,INE540S01019,539220
GROWINGTON,GROWINGTON VENTURES INDIA LIMI,INE451S01027,539222
LOYAL,Loyal Equipments Limited,INE876S01017,539227
CHEMIESYNT,Chemiesynth (Vapi) Limited,INE829R01018,539230
STARDELTA,STAR DELTA TRANSFORMERS LIMITE,INE541K01014,539255
SAMSRITA,SAMSRITA LABS LIMITED,INE579N01018,539267
KAYA,Kaya Limited,INE587G01015,539276
SYMBIOX,Symbiox Investment & Trading C,INE653R01012,539278
RAMASTEEL,Rama Steel Tubes Limited,INE230R01035,539309
THINKINK,THINKINK PICTUREZ LIMITED,INE365S01045,539310
SENSEXBETA,UTI BSE Sensex ETF,INF789FB1X58,539312
NIFTYBETA,UTI Mutual Fund,INF789F1AZC0,539313
UNIAUTO,Universal Autofoundry Limited,INE203T01012,539314
SALAUTO,SAL AUTOMOTIVE LIMITED,INE724G01014,539353
VISHALBL,Vishal Bearings Limited,INE060T01024,539398
DITCO,Decorous Investment and Tradin,INE183R01010,539405
KUBERJI,Kuber Udyog Limited,INE594R01018,539408
NEERAJ,NEERAJ PAPER MARKETING LIMITED,INE894J01019,539409
TEJNAKSH,Tejnaksh Healthcare Limited,INE030T01027,539428
RFSL,Richfield Financial Services L,INE201C01012,539435
IGCIL,IGC Industries Limited,INE099S01016,539449
ECOFINITY,ECOFINITY ATOMIX LIMITED,INE360S01012,539455
TFSL,Typhoon Financial Services Lim,INE761R01013,539468
SHREEGANES,Shree Ganesh Biotech (India) L,INE051N01026,539470
GTV,GTV Engineering Limited,INE910R01024,539479
LICNETFN50,LIC MF EXHGE TRADED FUND-NIFTY,INF767K01OS7,539480
GEETANJ,Geetanjali Credit And Capital,INE263R01010,539486
LICNETFSEN,LIC MF EXCHNG TRADED FUND-SENS,INF767K01OT5,539487
GARBIFIN,Garbi Finvest Limited,INE721C01019,539492
SMARTFIN,Smart Finsec Limited,INE766D01020,539494
RAJKOTINV,Rajkot Investment Trust Limite,INE176R01014,539495
ADCON,Adcon Capital Services Limited,INE805Q01028,539506
QUINT,Quint Digital Limited,INE641R01017,539515
HDFCNIFTY,HDFC Mutual Fund,INF179KC1965,539516
HDFCSENSEX,HDFC Mutual Fund,INF179KC1HX2,539517
TAVEXIA,TAVEXIA LIFECARE LIMITED,INE280E01038,539519
GROVY,Grovy India Limited,INE343C01012,539522
SCTL,Suncare Traders Limited,INE452S01025,539526
CREATIVE,Creative Castings Limited,INE146E01015,539527
AAYUSH,AAYUSH WELLNESS LIMITED,INE430R01023,539528
APOORVA,Apoorva Leasing Finance & Inve,INE217S01014,539545
AGRIBIO,AGRIBIO SPIRITS LIMITED,INE679E01015,539546
DHVIJAFIN,DHVIJA FINANCE LIMITED,INE108T01021,539552
DEEPAI,Deep Health AI India Limited,INE005G01026,539559
AARNAV,AARNAV FASHIONS LIMITED,INE750R01016,539562
SHIVA,Shivansh Finserv Limited,INE728Q01014,539593
MISHTANN,Mishtann Foods Limited,INE094S01041,539594
DELTA,Delta Industrial Resources Lim,INE681Q01015,539596
AMPL,AMPL Capital Limited,INE727C01024,539598
KEL,Kotia Enterprises Limited,INE079C01012,539599
KEIL,KANORIA ENERGY & INFRASTRUCTUR,INE534E01020,539620
BCLENTERPR,BCL Enterprises Limited,INE368E01023,539621
KAMATS,VIKRAM KAMATS HOSPITALITY LIMI,INE564S01019,539659
ACEMEN,ACE MEN ENGG WORKS LIMITED,INE023R01018,539661
BFLAFL,BFL Asset Finvest Limited,INE948Q01018,539662
RGF,RGF Capital Markets Limited,INE684D01025,539669
KAPILRAJ,Kapil Raj Finance Ltd.,INE332Q01023,539679
MOBAVENUE,Mobavenue AI Tech Limited,INE622Q01027,539682
IFINSER,INTERACTIVE FINANCIAL SERVICES,INE064T01018,539692
HILIKS,HILIKS TECHNOLOGIES LIMITED,INE966Q01010,539697
HYPERSOFT,HYPERSOFT TECHNOLOGIES LIMITED,INE039D01014,539724
RELICAB,Relicab Cable Manufacturing Li,INE773T01014,539760
VKAL,Vantage Knowledge Academy Limi,INE427T01025,539761
MEAPL,MODERN ENGINEERING AND PROJECT,INE250S01015,539762
MNIL,Mega Nirman & Industries Limit,INE216Q01010,539767
DARJEELING,DARJEELING INDUSTRIIES LIMITED,INE830S01014,539770
LICNFNHGP,LIC MF EXHNGE TRADED FUND NIFT,INF767K01PC8,539784
UMIYA,Umiya Tubes Limited,INE173U01015,539798
CHDCHEM,CHD Chemicals Limited,INE043U01010,539800
LELAVOIR,LE LAVOIR LIMITED,INE204S01012,539814
BALGOPAL,Balgopal Commercial limited,INE119R01014,539834
SUPERIOR,Superior Finlease Limited,INE574R01028,539835
RSDFIN,RSD Finance Limited,INE616F01022,539875
DARSHANORNA,Darshan Orna Limited,INE671T01028,539884
SPICELOUNG,SPICE LOUNGE FOOD WORKS LIMITE,INE631E01024,539895
DIDL,DALMIA INDUSTRIAL DEVELOPMENT,INE642P01019,539900
SNIM,Svarnim Trade Udyog Limited,INE730R01042,539911
NOVAMAT,Novalum Materials Limited,INE364S01022,539922
LIKHAMI,LIKHAMI CONSULTING LIMITED,INE920T01011,539927
MIL,Medico Intercontinental Limite,INE858Q01019,539938
YASHCHEM,Yash Chemex Limited,INE571U01010,539939
NV20IETF,ICICI Prudential NV20 ETF,INF109KC11V0,539945
BAZELINTER,Bazel International Limited,INE217E01014,539946
JLL,JINDAL LEASEFIN LIMITED,INE919T01013,539947
ZEAL,Zeal Aqua Limited,INE819S01025,539963
DIGJAMLMTD,DIGJAM LIMITED,INE731U01028,539979
MIDSELIETF,ICICI Prudential BSE Midcap Se,INF109KC10W0,539980
HIIL,HINDUSTHAN INSULATORS and INDU,INE799B01025,539984
CFEL,CONFIDENCE FUTURISTIC ENERGETE,INE700F01024,539991
BSLSENETFG,Aditya Birla Sun Life BSE Sens,INF209KB10E8,540008
COLORCHIPS,COLORCHIPS NEW MEDIA LIMITED,INE621I01042,540023
LAHL,Ladam Affortable Housing Limit,INE213U01019,540026
AMS,AMS POLYMERS LIMITED,INE345U01019,540066
MITSU,Mitsu Chem Plast Limited,INE317V01016,540078
SPRAYKING,Sprayking Limited,INE537U01037,540079
TVVISION,TV VISION LIMITED,INE871L01013,540083
GAMCO,GAMCO LIMITED,INE890S01026,540097
RADHIKAJWE,Radhika Jeweltech Limited,INE583V01021,540125
SIIL,Sabrimala Industries India Lim,INE400R01018,540132
ARCFIN,ARC Finance Limited,INE202R01026,540135
SAGARSOFT,Sagarsoft (India) Limited,INE184B01012,540143
SHASHIJIT,Shashijit Infraprojects Limite,INE700V01021,540147
IDFSENSEXE,Bandhan Mutual Fund,INF194KA1T91,540154
PURPLE,PURPLE AGROTECH INDUSTRIES LIM,INE905R01016,540159
SUPRAPFSL,Supra Pacific Financial Servic,INE268T01015,540168
SOUTHERNIN,SOUTHERN INFOCONSULTANTS LIMIT,INE298B01010,540174
REGENCY,REGENCY FINCORP LIMITED,INE964R01013,540175
SALEM,Salem Erode Investments Ltd.,INE894E01028,540181
FRANKLININD,Franklin Industries Limited,INE789R01022,540190
OSIAJEE,OSIAJEE TEXFAB LIMITED,INE186R01013,540198
CMBL,Corporate Merchant Bankers Lim,INE850R01014,540199
EIKO,EIKO LIFESCIENCES LIMITED,INE666Q01016,540204
NEWLIGHT,NEW LIGHT INDUSTRIES LIMITED,INE835U01027,540243
VSL,Viram Suvarn Limited,INE607V01028,540252
MTPL,MARG TECHNO PROJECTS LIMITED,INE245H01018,540254
SHANGAR,SHANGAR DECOR LIMITED,INE118R01032,540259
GLCL,Globe Commercials Limited,INE804Q01013,540266
FLORACORP,Flora Corporation Limited,INE318U01016,540267
CFL,Classic Filaments Limited,INE181U01018,540310
LLFICL,LEADING LEASING FINANCE AND IN,INE715Q01029,540360
DANUBE,DANUBE INDUSTRIES LIMITED,INE575D01041,540361
IFL,IFL ENTERPRISES LIMITED,INE714U01024,540377
ONTIC,Ontic Finserve Limited,INE989S01042,540386
MAXIMUS,Maximus International Limited,INE544W01021,540401
PRIMEFRESH,PRIME FRESH LIMITED,INE442V01012,540404
OCEANIC,Oceanic Foods Limited,INE711V01010,540405
ESCORP,Escorp Asset Management Limite,INE953W01016,540455
CLFL,Classic Leasing & Finance Ltd.,INE949C01016,540481
STARLENT,STARLINEPS ENTERPRISES LIMITED,INE594W01042,540492
KANUNGO,KANUNGO FINANCIERS LIMITED,INE453S01015,540515
MEERA,Meera Industries Limited,INE343X01026,540519
GKL,GURU KRUPA GEMS AND JEWELLERY,INE986W01016,540545
VARIMAN,VARIMAN GLOBAL ENTERPRISES LIM,INE717F01028,540570
RIDDHICORP,Riddhi Corporate Services Limi,INE325X01015,540590
CONTAINER,Containerway International Lim,INE319U01022,540597
LOWVOLIETF,ICICI Prudential Nifty Low Vol,INF109KC19U5,540612
7NR,7NR Retail Limited,INE413X01035,540615
GSTL,GlobalSpace Technologies Limit,INE632W01016,540654
NEXT50BETA,UTI Mutual Fund,INF789F1AUW9,540669
SMRUTHIORG,Smruthi Organics Limited,INE172E01011,540686
SHISHIND,Shish Industries Limited,INE145Y01023,540693
ANG,ANG Lifesciences India Limited,INE236W01016,540694
KCDGROUP,KCD INDUSTRIES INDIA LIMITED,INE185U01035,540696
PROCLB,PRO CLB GLOBAL LIMITED,INE438C01010,540703
PQIF,Polo Queen Industrial and Fint,INE689M01025,540717
TTFL,Trident Texofab Limited,INE071Y01013,540726
POOJA,Poojawestern Metaliks Limited,INE973X01012,540727
MEHAI,Mehai Technology  Limited,INE062Y01020,540730
STL,Shreeji Translogistics Limited,INE402Y01028,540738
SCPL,SHEETAL COOL PRODUCTS LIMITED,INE501Y01019,540757
KHADIM,Khadim India Limited,INE834I01025,540775
SHARIKA,SHARIKA ENTERPRISES LIMITED,INE669Y01022,540786
ICICIB22,ICICI Prudential Mutual Fund,INF109KB15Y7,540787
ASPIRA,Aspira Pathlab & Diagnostics L,INE500C01017,540788
MRCAGRO,MRC AGROTECH LIMITED,INE333Y01017,540809
CRYSTAL,CRYSTAL BUSINESS SYSTEM LIMITE,INE994R01028,540821
CHANDRIMA,Chandrima Mercantiles limited,INE371F01024,540829
7SEASL,7SEAS ENTERTAINMENT LIMITED,INE454F01010,540874
TIRUFOAM,TIRUPATI FOAM LIMITED,INE115G01015,540904
SRUSTEELS,SRU Steels Limited,INE425C01017,540914
GGL,Gautam Gems Limited,INE063Z01017,540936
KENVI,Kenvi Jewels Limited,INE923Y01023,540953
BHATIA,Bhatia Communications & Retail,INE341Z01025,540956
YSL,The Yamuna Syndicate Ltd,INE868X01014,540980
ACTIVE,Active Clothing Co  Limited,INE380Z01015,541144
TRL,Taylormade Renewables Limited,INE459Z01017,541228
BSE500IETF,ICICI Prudential BSE 500 ETF,INF109KC1V59,541313
UHZAVERI,U. H. ZAVERI LIMITED,INE556Z01010,541338
PARVATI,Parvati Sweetners and Power Lt,INE295Z01015,541347
UCIL,UNIFINZ CAPITAL INDIA LIMITED,INE926R01012,541358
PALMJEWELS,Palm Jewels Limited,INE838Z01012,541444
RAJNISH,Rajnish Wellness Limited,INE685Z01033,541601
GUJWIND,Gujarat Winding Systems Limite,INE173V01013,541627
RAWEDGE,Raw Edge Industrial Solutions,INE960Z01014,541634
ASHNI,Ashnisha Industries Limited,INE694W01024,541702
VIVANTA,Vivanta Industries Limited,INE299W01022,541735
FRATELLI,Fratelli Vineyards Limited,INE401Z01019,541741
AMINTAN,AMIN TANNERY LIMITED,INE572Z01017,541771
DEEP,Deep Polymers Limited,INE00IY01012,541778
NEXT50IETF,ICICI Prudential Mutual Fund,INF109KC1NS5,541809
ASRL,Add-Shop E-Retail Limited,INE01B501018,541865
SPACEINCUBA,Space Incubatrics Technologies,INE797Z01028,541890
SETFSN50,SBI Mutual Fund,INF200KA1VQ2,541972
A1L,A-1 LIMITED,INE911Z01025,542012
DOLFIN,Dolfin Rubbers Limited,INE666Y01010,542013
SHUBHAM,Shubham Polyspin Limited,INE01J501010,542019
AKI,AKI India Limited,INE642Z01026,542020
SMGOLD,S. M. Gold Limited,INE00Q901014,542034
VIVIDM,VIVID MERCANTILE LIMITED,INE647Z01025,542046
NIFTYETF,Mirae Asset Mutual Fund,INF769K01EG9,542131
NIVAKA,NIVAKA FASHIONS LIMITED,INE139E01028,542206
ABSLNN50ET,Aditya Birla Sun Life Mutual F,INF209KB16D7,542230
DECCAN,Deccan Health Care Limited,INE452W01019,542248
HIKLASS,Hi-Klass Trading and Investmen,INE302R01024,542332
ANMOL,Anmol India Limited,INE02AR01019,542437
KRANTI,Kranti Industries Limited,INE911T01010,542459
SNXT50BETA,UTI BSE  Sensex Next 50 ETF,INF789F1AUU3,542513
AIHL,AMBASSADOR INTRA HOLDINGS LIMI,INE342U01016,542524
AARTECH,Aartech Solonics Limited,INE01C001026,542580
CHANDNIMACH,Chandni Machines Limited,INE01GZ01011,542627
NSL,Northern Spirits Limited,INE01BL01012,542628
VRFILMS,V R FILMS & STUDIOS LIMITED,INE06LG01010,542654
GKP,G. K. P. Printing & Packaging,INE05QJ01015,542666
BMW,BMW INDUSTRIES LIMITED,INE374E01021,542669
MAHESH,Mahesh Developers Limited,INE01MO01013,542677
DEL,Dhanashree Electronics Limited,INE413F01016,542679
HARISH,Harish Textile Engineers Limit,INE01K301012,542682
PARSHVA,Parshva Enterprises Limited,INE05MV01019,542694
ARL,Anand Rayons Limited,INE02GA01012,542721
DCMNVL,DCM NOUVELLE LIMITED,INE08KP01019,542729
BANKIETF,ICICI Prudential Mutual Fund,INF109KC15I8,542730
SNXT50BEES,NIPPON INDIA ETF SENSEX NEXT 5,INF204KB15D0,542747
PVTBANIETF,ICICI Prudential Mutual Fund,INF109KC18U7,542758
ALPHALOGIC,Alphalogic Techsys Limited,INE08E401029,542770
GALACTICO,Galactico Corporate Services L,INE906Y01028,542802
VEL,Vaxfab Enterprises Limited,INE560T01015,542803
SHAHLON,Shahlon Silk Industries Limite,INE052001026,542862
ABSLBANETF,Aditya Birla Sun Life Mutual F,INF209KB17D5,542863
ANUROOP,Anuroop Packaging Limited,INE490Z01012,542865
MIDCAPIETF,ICICI Prudential Mutual Fund,INF109KC11W8,542921
NEXT50,Mirae Asset Mutual Fund,INF769K01FN2,542922
UNIVPHOTO,UNIVERSUS PHOTO IMAGINGS LIMIT,INE03V001013,542933
OCTAVIUSPL,Octavius Plantations Limited,INE117S01016,542938
08MPD,Nippon India Mutual Fund,INF204KB11T5,543144
08GPG,Nippon India Mutual Fund,INF204KB16S6,543150
08AGG,Nippon India Mutual Fund,INF204KB18R4,543153
ROJL,RO Jewels Limited,INE0BDU01028,543171
11DPR,Nippon India Mutual Fund,INF204KB14U7,543173
11GPG,Nippon India Mutual Fund,INF204KB10U5,543174
11MPD,Nippon India Mutual Fund,INF204KB15U4,543175
11MPR,Nippon India Mutual Fund,INF204KB16U2,543176
11QPD,Nippon India Mutual Fund,INF204KB11U3,543177
11QPR,Nippon India Mutual Fund,INF204KB12U1,543178
11AGG,Nippon India Mutual Fund,INF204KB13T1,543181
11AMD,Nippon India Mutual Fund,INF204KB18T0,543182
11AQD,Nippon India Mutual Fund,INF204KB14T9,543184
11DPD,Nippon India Mutual Fund,INF204KB13U9,543186
NATURAL,Natural Biocon (India) Limited,INE06MM01016,543207
REGIS,REGIS INDUSTRIES LIMITED,INE745R01024,543208
AARTISURF,Aarti Surfactants Limited,INE09EO01013,543210
ALPL30IETF,ICICI Prudential Mutual Fund,INF109KC17V7,543219
ITIETF,ICICI Prudential Mutual Fund,INF109KC16I6,543221
HDFCNIFBAN,HDFC Mutual Fund,INF179KC1HY0,543224
BANKBETA,UTI Mutual Fund,INF789F1AUV1,543226
SAMRATFORG,Samrat Forgings Limited,INE412J01010,543229
VGIL,Veer Global Infraconstruction,INE244W01010,543241
ESG,Mirae Asset Mutual Fund,INF769K01GS9,543246
INFRABEES,Nippon India Mutual Fund,INF732E01268,543255
RFLL,RITA FINANCE AND LEASING LIMIT,INE018S01016,543256
NURECA,Nureca Limited,INE0DSF01015,543264
MTARTECH,MTAR Technologies Limited,INE864I01014,543270
UFBL,UNITED FOODBRANDS LIMITED,INE382M01027,543283
EKI,EKI Energy Services Limited,INE0CPR01018,543284
MAFANG,Mirae Asset Mutual Fund,INF769K01HF4,543291
HEALTHIETF,ICICI Prudential Mutual Fund,INF109KC1Q72,543292
BFSI,Mirae Asset Mutual Fund,INF769K01HI8,543323
FMCGIETF,ICICI Prudential Mutual Fund,INF109KC19V3,543326
SHARPLINE,SHARPLINE BROADCAST LIMITED,INE647W01014,543341
ITAXIS,Axis Mutual Fund,INF846K01Y96,543347
HEALTHAXIS,Axis Mutual Fund,INF846K01Z12,543348
CONSUMAXIS,Axis Mutual Fund,INF846K016C7,543357
MASPTOP50,Mirae Asset Mutual Fund,INF769K01HP3,543365
SVRL,Shri Venkatesh Refineries Limi,INE0HLJ01013,543373
SAMOR,Samor Reality Limited,INE0GD201014,543376
CONSUMIETF,ICICI Prudential Mutual Fund,INF109KC1V42,543383
EQUAL50ADD,DSP Nifty 50 Equal Weight ETF,INF740KA1QK2,543388
MAHKTECH,Mirae Asset Mutual Fund,INF769K01HS7,543414
MONQ50,Motilal Oswal Mutual Fund,INF247L01AU3,543437
MIDQ50ADD,DSP Nifty Midcap 150 Quality 5,INF740KA1ZF3,543438
NIFTYADD,DSP Nifty 50 ETF,INF740KA1CL0,543440
AUTOIETF,ICICI Prudential Mutual Fund,INF109KC10V2,543450
MAKEINDIA,Mirae Asset Mutual Fund,INF769K01IB1,543454
MOMOMENTUM,Motilal Oswal Mutual Fund,INF247L01BK2,543465
TECH,Aditya Birla Sun Life Mutual F,INF209KB11D8,543472
HEALTHY,Aditya Birla Sun Life Mutual F,INF209KB10C2,543473
BSLNIFTY,Aditya Birla Sun Life Mutual F,INF209KB19D1,543474
MIDCAPETF,Mirae Asset Mutual Fund,INF769K01IC9,543481
ACHYUT,Achyut Healthcare Limited,INE0K1401020,543499
MOLOWVOL,Motilal Oswal Mutual Fund,INF247L01BL0,543501
UMAEXPORTS,Uma Exports Limited,INE0GIU01018,543513
VERANDA,Veranda Learning Solutions Lim,INE0IQ001011,543514
TIERRA,Tierra Agrotech Limited,INE05CY01014,543531
MOHEALTH,Motilal Oswal Mutual Fund,INF247L01BB1,543563
MOM30IETF,ICICI Prudential Mutual Fund,INF109KC17C7,543568
HDFCNIF100,HDFC Mutual Fund,INF179KC1HR4,543569
HDFCNEXT50,HDFC Mutual Fund,INF179KC1HS2,543570
INFRAIETF,ICICI Prudential Mutual Fund,INF109KC16E5,543571
NIFTYQLITY,Aditya Birla Sun Life Mutual F,INF209KB15K4,543574
MOMENTUM,Aditya Birla Sun Life Mutual F,INF209KB14K7,543575
MOVALUE,Motilal Oswal Mutual Fund,INF247L01BE5,543576
MOQUALITY,Motilal Oswal Mutual Fund,INF247L01BH8,543577
HDFCQUAL,HDFC Mutual Fund,INF179KC1DL6,543605
HDFCGROWTH,HDFC Mutual Fund,INF179KC1DJ0,543607
HDFCVALUE,HDFC Mutual Fund,INF179KC1DK8,543608
HDFCLOWVOL,HDFC Mutual Fund,INF179KC1HU8,543627
HDFCMOMENT,HDFC Mutual Fund,INF179KC1HV6,543628
HDFCNIFIT,HDFC Mutual Fund,INF179KC1IA8,543665
HDFCPVTBAN,HDFC Mutual Fund,INF179KC1HZ7,543666
FINIETF,ICICI Prudential Mutual Fund,INF109KC17L8,543677
COMMOIETF,ICICI Prudential Mutual Fund,INF109KC19O8,543710
AVEER,Aveer Foods Limited,INE09BN01011,543737
BANKADD,DSP Nifty Bank ETF,INF740KA1RX3,543738
ASHIKAG,Ashika Global Securities Limit,INE094B01013,543766
HDFCBSE500,HDFC Mutual Fund,INF179KC1EZ4,543774
HDFCSML250,HDFC Mutual Fund,INF179KC1FB2,543775
HDFCMID150,HDFC Mutual Fund,INF179KC1HT0,543776
PSUBNKIETF,ICICI Prudential Mutual Fund,INF109KC10S8,543819
SENSEXAXIS,AXIS BSE SENSEX ETF,INF846K010Q0,543853
LOWVOL,Mirae Asset Mutual Fund,INF769K01JU9,543858
JAFINANCE,J.A. Finance Limited,INE825B01010,543860
SWATIPRO,Swati Projects Limited,INE210F01016,543914
CFF,CFF FLUID CONTROL LIMITED,INE0NJ001013,543920
ASIAN,Asian Warehousing Limited,INE04Z101016,543927
URAVIDEF,Uravi Defence and Technology L,INE568Z01015,543930
MACIND,Machhar Industries Limited,INE01BT01015,543934
ITADD,DSP NIFTY IT ETF,INF740KA1SX1,543935
BANKETF,Mirae Asset Mutual Fund,INF769K01KR3,543944
SENSEXADD,DSP BSE Sensex ETF,INF740KA1SZ6,543947
PSUBANKADD,DSP NIFTY PSU BANK ETF,INF740KA1SY9,543948
PVTBANKADD,DSP NIFTY PRIVATE BANK ETF,INF740KA1TA7,543949
QUAL30IETF,ICICI Prudential Mutual Fund,INF109KC18V5,543956
MIDCAPBETA,UTI Mutual Fund,INF789F1AYX9,543975
SHRAAITECH,Shradha AI Technologies Limite,INE489B01031,543976
VALIANTLAB,Valiant Laboratories Limited,INE0JWS01017,543998
SENSEXETF,Mirae Asset Mutual Fund,INF769K01KT9,543999
ITETF,Mirae Asset Mutual Fund,INF769K01KV5,544006
ALPHAETF,Mirae Asset Mutual Fund,INF769K01KU7,544007
ESAFSFB,ESAF Small Finance Bank Ltd,INE818W01011,544020
RBZJEWEL,RBZ Jewellers Limited,INE0PEQ01016,544060
SHILINDORE,Sayaji Hotels (Indore) Limited,INE0MGS01014,544080
SHPLPUNE,Sayaji Hotels (Pune) Limited,INE07G501017,544090
NIFTYBETF,Bajaj Finserv Mutual Fund,INF0QA701722,544092
BANKBETF,Bajaj Finserv Mutual Fund,INF0QA701714,544093
ITBETA,UTI Mutual Fund,INF789F1AZD8,544102
HEALTHADD,DSP NIFTY Healthcare ETF,INF740KA1ZG1,544109
HDFCPSUBK,HDFC Mutual Fund,INF179KC1HW4,544110
JGTL,JASCH GAUGING TECHNOLOGIES LIM,INE0QXV01014,544112
LICNMID100,LIC Mutual Fund,INF767K01RN1,544123
SMALLCAP,Mirae Asset Mutual Fund,INF769K01LC3,544130
MUKKA,Mukka Proteins Limited,INE0CG401037,544135
MIDSMALL,Mirae Asset Mutual Fund,INF769K01LJ8,544180
ADTECH,ADTECH SYSTEMS LIMITED,INE257C01014,544185
TOTEM,Forbes Precision Tools and Mac,INE0TT901016,544186
KRONOX,KRONOX LAB SCIENCES LIMITED,INE0ATZ01017,544187
PURPLEFIN,Purple Finance Limited,INE0CYK01015,544191
MID150CASE,Zerodha Mutual Fund,INF0R8F01059,544193
TOP100CASE,Zerodha Mutual Fund,INF0R8F01067,544194
BBNPNBETF,BARODA BNP PARIBAS MUTUAL FUND,INF251K01TL6,544196
RETAIL,JHS SVENDGAARD RETAIL VENTURES,INE03DD01011,544197
NPL,National Peroxide Limited,INE0PO601011,544205
EVINDIA,Mirae Asset Mutual Fund,INF769K01LQ3,544212
SBINEQWETF,SBI Mutual Fund,INF200KB1282,544215
OILIETF,ICICI Prudential Mutual Fund,INF109KC18W3,544216
ABSLPSE,Aditya Birla Sun Life Mutual F,INF209KB19Z4,544218
METALIETF,ICICI Prudential Mutual Fund,INF109KC19W1,544229
MULTICAP,Mirae Asset Mutual Fund,INF769K01LX9,544241
TOP10ADD,DSP Nifty Top 10 Equal Weight,INF740KA1UR9,544247
BANKPSU,Mirae Asset Mutual Fund,INF769K01LZ4,544266
METAL,Mirae Asset Mutual Fund,INF769K01LY7,544268
VAL30IETF,ICICI Prudential Mutual Fund,INF109KC16X5,544275
OCCLLTD,OCCL Limited,INE0PK601023,544278
ABINFRA,A B INFRABUILD LIMITED,INE00YB01025,544281
HILLTONE,Hilltone Software and Gases Lt,INE168C01013,544308
CONSUMER,Mirae Asset Mutual Fund,INF769K01NS5,544323
ECAPINSURE,Edelweiss Mutual Fund,INF754K01TX4,544326
STALLION,Stallion India Fluorochemicals,INE0RYC01010,544342
NEXT30ADD,DSP BSE Sensex Next 30 ETF,INF740KA1VE5,544352
COVANCE,COVANCE SOFTSOL LIMITED,INE0R8101016,544361
VIKRAMAR,VIKRAM AROMA LIMITED,INE0NR501012,544371
SELECTIPO,Mirae Asset Mutual Fund,INF769K01ON4,544376
EQUAL200,Mirae Asset Mutual Fund,INF769K01OA1,544377
VALUEAXIS,Axis Mutual Fund,INF846KA1119,544382
SBIBPB,SBI Mutual Fund,INF200KB1712,544385
SPECTRUM,Spectrum Electrical Industries,INE01EO01010,544386
EVIETF,ICICI Prudential Mutual Fund,INF109K1A153,544394
SNXT30BEES,Nippon India Mutual Fund,INF204KC1EZ3,544415
TOP15IETF,ICICI Prudential Mutual Fund,INF109K1A344,544427
INTERNET,Mirae Asset Mutual Fund,INF769K01PB6,544438
CHEMBONDCH,CHEMBOND CHEMICALS  LIMITED,INE0TGX01019,544450
RMDRIP,R M DRIP AND SPRINKLERS SYSTEM,INE219Y01026,544456
NSDL,National Securities Depository,INE301O01023,544467
LOTUSDEV,Sri Lotus Developers and Realt,INE0V9Q01010,544469
GROWWPOWER,Groww Mutual Fund,INF666M01LM6,544473
MANUFGBEES,Nippon India Mutual Fund,INF204KC1GH6,544493
AMANTA,Amanta Healthcare Limited,INE084K01015,544502
SML100CASE,Zerodha Mutual Fund,INF0R8F01141,544507
FLEXIADD,DSP Nifty500 Flexicap Quality,INF740KA1WU9,544581
NIFTYCASE,Zerodha Mutual Fund,INF0R8F01166,544586
ENERGY,Mirae Asset Mutual Fund,INF769K01PR2,544604
SMALL250,Mirae Asset Mutual Fund,INF769K01PQ4,544605
KSR,KSR Footwear Limited,INE1SPP01016,544615
ESENSEX,Edelweiss Mutual Fund,INF754K01VY8,544618
MSCIADD,DSP MSCI India ETF,INF740KA1WV7,544620
SMALLADD,DSP Nifty Smallcap 250 ETF,INF740KA1WX3,544654
MIDCAPADD,DSP Nifty Midcap 150 ETF,INF740KA1WW5,544655
TOP20,Mirae Asset Mutual Fund,INF769K01PZ5,544660
DIVIDEND,Mirae Asset Mutual Fund,INF769K01PY8,544661
SIMANDHAR,SIMANDHAR IMPEX LIMITED,INE0VI201010,544662
NEXT50ADD,DSP Nifty Next 50 ETF,INF740KA1XU7,544674
HEALTHCARE,Mirae Asset Mutual Fund,INF769K01QA6,544701
DSFCL,DCM SHRIRAM FINE CHEMICALS LIM,INE0OFM01015,544703
INFRA,Mirae Asset Mutual Fund,INF769K01QB4,544704
DEFENCE,Mirae Asset Mutual Fund,INF769K01QC2,544705
ABSL10BANK,Aditya Birla Sun Life Mutual F,INF209KC1670,544719
GROWWHOSPI,Groww Mutual Fund,INF666M01OD9,544721
SBIMIDMOM,SBI Mutual Fund,INF200KB1AJ0,544722
BANK10ADD,DSP BSE Top 10 Banks ETF,INF740KA1YH2,544725
VALUE,Mirae Asset Mutual Fund,INF769K01QV2,544737
SBINMID150,SBI Mutual Fund,INF200KB1AK8,544745
FMCGADD,DSP Nifty FMCG ETF,INF740KA1ZA4,544760
ENEXT50,Edelweiss Mutual Fund,INF754K01XF3,544761
SBIVALETF,SBI Mutual Fund,INF200KB1AX1,544762
SBISMLETF,SBI Mutual Fund,INF200KB1AY9,544763
MSCI360,360 ONE Mutual Fund,INF579M01BP5,544766
E2E,E2E Networks Limited,INE255Z01027,544783
HEXAGON,Hexagon Nutrition Limited,INE0JUI01012,544785
SELECTRIC,Schneider Electric President S,INE155D01018,544786
SMALLIETF,ICICI Prudential Mutual Fund,INF109K1A476,544795
GSPLTRANS,GSPL Transmission Limited,INE1TUG01013,544801
BANK10BETF,Bajaj Finserv Mutual Fund,INF0QA701CI0,544827
MOMMIDCAP,Mirae Asset Mutual Fund,INF769K01RC0,544830
MEEIND,MEENAKSHI INDIA LIMITED,INE208H01016,544831
HDFCNIMEG,HDFC Mutual Fund,INF179KC1KT4,544842
INSUREIETF,ICICI Prudential Mutual Fund,INF109K1A567,544845
EBANK10,Edelweiss Mutual Fund,INF754K01XH9,544849
PRIMAINNO,Prima Innovation Limited,INE13LA01027,544855
MIDBANKADD,DSP Mutual Fund,INF740KA1ZH9,544857
SWARAJ,Swaraj Suiting Limited,INE0GMR01016,544861
MILKYMIST,Milky Mist Dairy Food Limited,INE00IT01020,544868
NIFTYJBLK,Jio BlackRock Mutual Fund,INF22M001184,544873
LARGEMID50,Mirae Asset Mutual Fund,INF769K01RK3,544874
IVZSENSEX,INVESCO MUTUAL FUND,INF205KA1CA1,544878
NIF500BETA,UTI Mutual Fund,INF789F1AG76,544887
ENERGYAXIS,Axis Mutual Fund,INF846KA1598,544892
FINANCE,Seksaria Finance Limited,INE0IBX01013,544907
SECLEDBETA,UTI Mutual Fund,INF789F1AH42,544927
NSE,National Stock Exchange of Ind,INE721I01024,544937
SWASTIKAIN,SWASTIKA INFRA LIMITED,INE1QJA01015,544949
ADROITIND,Adroit Industries (India) Limi,INE505M01015,544950
SHAHINVEST,Shah Investor's Home Limited,INE029N01014,544963
SRIT,SRIT INDIA LIMITED,INE307K01028,544965
INSURADD,DSP Mutual Fund,INF740KA1ZR8,544970
VNL,Vishal Nirmiti Limited,INE1O5L01025,544973
NITYAS,Nityas Gems and Jewellery Limi,INE211501023,544974
SENSEXIETF,ICICI Prudential BSE Sensex ET,INF346A01034,555555
GATECHDVR,GACM Technologies Limited - DV,INE224E01036,570005
EASTSILK,EASTERN SILK INDUSTRIES LTD.,INE962C01035,590022
GINNIFILA,GINNI FILAMENTS LTD.,INE424C01010,590025
KAVDEFENCE,Kavveri Defence &amp; Wireless,INE641C01019,590041
EQUIPPP,EQUIPPP SOCIAL IMPACT TECHNOLO,INE217G01035,590057
NIFTYBEES,NIPPON INDIA ETF NIFTY BEES,INF204KB14I2,590103
JUNIORBEES,NIPPON INDIA ETF JUNIOR BEES,INF732E01045,590104
BANKBEES,NIPPON INDIA ETF BANK BEES,INF204KB15I9,590106
PSUBANK,KOTAK MAHINDRA MUTUAL FUND - K,INF174KA1A86,590107
PSUBNKBEES,NIPPON INDIA ETF PSU BANK BEES,INF204KB16I7,590108
SHARIABEES,NIPPON INDIA ETF SHARIAH BEES,INF732E01128,590109
QNIFTY,Quantum Nifty 50 ETF,INF082J01499,590110
HNGSNGBEES,NIPPON INDIA ETF HANG SENG BEE,INF204KB19I1,590113
MOM50,MOTILAL OSWAL MUTUAL FUND,INF247L01536,590115
BANKNIFTY1,Kotak Mahindra Mutual Fund - P,INF174KA1ZB7,590136
SETFNIFBK,SBI Mutual Fund-Permitted,INF200KA1580,590137
SETFNIF50,SBI Mutual Fund-Permitted,INF200KA1FS1,590138
ITBEES,Nippon India Mutual Fund - Per,INF204KB15V2,590141
PHARMABEES,Nippon India Mutual Fund - Per,INF204KC1089,590142
MID150BEES,Nippon India Mutual Fund - Per,INF204KB1V68,590144
MOSMALL250,Motilal Oswal Mutual Fund-Perm,INF247L01CH6,590148
MOCAPITAL,Motilal Oswal Mutual Fund-Perm,INF247L01EV3,590149
MOREALTY,Motilal Oswal Mutual Fund-Perm,INF247L01CI4,590150
MOMENTUM50,Motilal Oswal Mutual Fund-Perm,INF247L01DK8,590151
MODEFENCE,Motilal Oswal Mutual Fund-Perm,INF247L01DJ0,590152
MONIFTY500,Motilal Oswal Mutual Fund-Perm,INF247L01BU1,590153
ALPHA,Kotak Mahindra Mutual Fund - P,INF174KA1IA5,590154
GROWWDEFNC,GROWW MUTUAL FUND  PERMITTED,INF666M01IO8,590157
GROWWRAIL,GROWW MUTUAL FUND  PERMITTED,INF666M01JJ6,590158
NETF,Tata Mutual Fund - Permitted,INF277K015R5,590160
QDLCCPS,Quint Digital Limited,IN9641R03011,710058
APLABPP,Aplab Ltd.,IN9273A01047,890217
SURAJINDPP,Suraj Industries Limited.,IN9170U01035,890226
ATLPP,Allcargo Terminals Limited,IN90NN701011,890228
VERTEXPP,Vertex Securities Ltd.,IN9316D01014,890234
GSAILPP,G.S. Auto International Ltd.,IN9736H01014,890238
ASCOTTPP,ALAN SCOTT ENTERPRISES LIMITED,IN9273F01038,890239
JAYKAYPP,Jaykay Enterprises Limited,IN9903A01015,890240
